"FullName","Length","LastWriteTime","SHA256"
"C:\Users\DELL\Documents\MIT8212 SEMINAR\predictive-k8s-failure\data\raw\CF-P01-baseline.csv","104513","7/22/2026 10:45:01 AM","762EA39205CEC8CD820C2CDEC9CACE444BEE2B3A44C389AD9A5AE14A8FB630C1"
"C:\Users\DELL\Documents\MIT8212 SEMINAR\predictive-k8s-failure\data\raw\CF-P01-k6.csv","1444984","7/21/2026 10:51:54 PM","3EA1660F5046A93023CC0C760BACAF4C869D3D471A2DEF48EE36F8747FD9A708"
"C:\Users\DELL\Documents\MIT8212 SEMINAR\predictive-k8s-failure\data\raw\CF-P01-k6-rerun.csv","16402273","7/22/2026 12:11:29 AM","59D9C736202DB140B61524D2519173023C68F2949A761E3F8B3525D8ADA80A13"
"C:\Users\DELL\Documents\MIT8212 SEMINAR\predictive-k8s-failure\data\raw\CF-P01-rate2.csv","176109","7/22/2026 10:53:08 AM","B5D3A660A484F66E031CB9AC5D7F97BB801549325527BA52255C332541515EBA"
"C:\Users\DELL\Documents\MIT8212 SEMINAR\predictive-k8s-failure\data\raw\CPU-01_k6_summary.json","3252","7/22/2026 4:26:45 PM","23820183DC7B7D5F3B9CC7BC16CCFC7C9A77BF081E3BC01977C366B991D1B9F2"
"C:\Users\DELL\Documents\MIT8212 SEMINAR\predictive-k8s-failure\data\raw\CPU-01_metrics.csv","7653","7/22/2026 4:26:32 PM","289F80B884F076743150275F6ED9159236D6E6C95E5084E8F60F863ED43ADF8B"
"C:\Users\DELL\Documents\MIT8212 SEMINAR\predictive-k8s-failure\data\raw\CPU-02_k6_summary.json","3224","7/22/2026 4:59:20 PM","8BEEF88601B8182C1B54BA4548AE8D4359539A507D4A8D52C2D0357D7E2FB16F"
"C:\Users\DELL\Documents\MIT8212 SEMINAR\predictive-k8s-failure\data\raw\CPU-02_metrics.csv","7100","7/22/2026 4:58:55 PM","EF2FFB26A821ABF81436BE4EA59124297D82CA20B20419D12E7ABBD934307596"
"C:\Users\DELL\Documents\MIT8212 SEMINAR\predictive-k8s-failure\data\raw\CPU-03_k6_summary.json","3252","7/22/2026 5:37:19 PM","E676FBFFBFA25910E42965C2BC14C8BAB26014A5B966B081682E634E25D6F915"
"C:\Users\DELL\Documents\MIT8212 SEMINAR\predictive-k8s-failure\data\raw\CPU-03_metrics.csv","9906","7/22/2026 5:36:48 PM","2C7A86046DA77B53316B171AF54A17E5EDF630894E8F2FFD91C1CBBA5B8F0B28"
"C:\Users\DELL\Documents\MIT8212 SEMINAR\predictive-k8s-failure\data\raw\CRASH-01_k6_summary.json","3313","7/22/2026 7:27:29 PM","8ABF5F8EDABF73ABBB2443F21D08823CB7344051AB1F6FD6A520C13260FE5306"
"C:\Users\DELL\Documents\MIT8212 SEMINAR\predictive-k8s-failure\data\raw\CRASH-01_metrics.csv","10262","7/22/2026 7:27:47 PM","6B833F6B78EFE387E2ADFF172C2C9A5BE1798CC91C0070ADA1D0185EC5A6FE91"
"C:\Users\DELL\Documents\MIT8212 SEMINAR\predictive-k8s-failure\data\raw\CRASH-02_k6_summary.json","3260","7/22/2026 7:46:55 PM","BA8ED9AE8856C928F7DCB68216387BAF9204E56A519B9FD6902F5D88F2D7A35F"
"C:\Users\DELL\Documents\MIT8212 SEMINAR\predictive-k8s-failure\data\raw\CRASH-02_metrics.csv","20488","7/22/2026 7:55:13 PM","851386653D30F45904BE68FEAD63A17B87927A2EA58376C6B4BD03E1E46EB030"
"C:\Users\DELL\Documents\MIT8212 SEMINAR\predictive-k8s-failure\data\raw\HB-01_k6_summary.json","3220","7/22/2026 3:49:59 PM","3B6224BCED88C66620F6C094F919C092444D2E7F4C351F1900B35111AD99450D"
"C:\Users\DELL\Documents\MIT8212 SEMINAR\predictive-k8s-failure\data\raw\HB-01_metrics.csv","7597","7/22/2026 3:49:27 PM","D5C109B975463660F719B8BDAC1851827A166FD5DBEAB598D86C0B9ABD206F0E"
"C:\Users\DELL\Documents\MIT8212 SEMINAR\predictive-k8s-failure\data\raw\HB-02_k6_summary.json","3258","7/22/2026 4:03:15 PM","7D2D92235A4CA50AE929CCB0A0B6F335F2F11154D9A58F811BB9FCA5F6E8A872"
"C:\Users\DELL\Documents\MIT8212 SEMINAR\predictive-k8s-failure\data\raw\HB-02_metrics.csv","7465","7/22/2026 4:02:50 PM","AF71DB0060A1F860D5DB9D559B3004FF30DF12379C8A1DA71A1F7A750FCD6DFA"
"C:\Users\DELL\Documents\MIT8212 SEMINAR\predictive-k8s-failure\data\raw\HP-P01-k6.csv","1910848","7/20/2026 10:07:44 PM","2F01A4CB9C80BBF3B1FC8ED398D72BD6AC1D09134981B1D81B9E4D0793810940"
"C:\Users\DELL\Documents\MIT8212 SEMINAR\predictive-k8s-failure\data\raw\MEM-01_k6_summary.json","3268","7/22/2026 6:07:46 PM","F96FC5B7A593B0618CD7C81A3F3A88114FEB0EAC922CC35E99B363C00ABF2C6B"
"C:\Users\DELL\Documents\MIT8212 SEMINAR\predictive-k8s-failure\data\raw\MEM-01_metrics.csv","12260","7/22/2026 6:07:59 PM","3ED3685CFF9735AD47957B13787D5176A6CE9B3CBD192E280D7C7F9BBC2DC64A"
"C:\Users\DELL\Documents\MIT8212 SEMINAR\predictive-k8s-failure\data\raw\MEM-02_k6_summary.json","3406","7/22/2026 6:30:56 PM","B51DA11668BDC80F0FE46DCB7B808FC733B622FF45FD245F633659E91AE3E96A"
"C:\Users\DELL\Documents\MIT8212 SEMINAR\predictive-k8s-failure\data\raw\MEM-02_metrics.csv","12634","7/22/2026 6:30:14 PM","E31BA41B38FE0B436B99BCB9A7602D132B1404D0C5318CB74B0625C9439E3DBD"
"C:\Users\DELL\Documents\MIT8212 SEMINAR\predictive-k8s-failure\data\raw\MF-P01-k6.csv","7864593","7/21/2026 10:25:05 PM","E1D860F248C1C6871B3C9854112F2E6559D2DF080A69BF6E6CB89D30BFB09D18"
"C:\Users\DELL\Documents\MIT8212 SEMINAR\predictive-k8s-failure\data\raw\smoke-test.csv","106142","7/20/2026 9:52:37 PM","AEF7B4D29F41DF109D98081638B960EB7D895CD4A7A8F97D18F449F8861B7692"
"C:\Users\DELL\Documents\MIT8212 SEMINAR\predictive-k8s-failure\data\raw\test_metrics.csv","708","7/22/2026 3:30:05 PM","D14CB9CF4E228B130CC45A6533BE13B29E5957DAEAD7EBF556DCCB26BCFCA08F"
"C:\Users\DELL\Documents\MIT8212 SEMINAR\predictive-k8s-failure\data\training_dataset.csv","70","7/20/2026 11:14:31 PM","6D8A626A1CBE454B433AAC902D1510245BE63F477E751BA8A64F3A0C891463D6"
"C:\Users\DELL\Documents\MIT8212 SEMINAR\predictive-k8s-failure\experiments\__pycache__\collect_metrics.cpython-314.pyc","9418","7/22/2026 3:28:50 PM","183A3A14DF3A2A5524EB48699A74372CA109676211EE7294B75842DEC85BDBC5"
"C:\Users\DELL\Documents\MIT8212 SEMINAR\predictive-k8s-failure\experiments\collect_metrics.py","8084","7/22/2026 3:27:45 PM","22FBEBC232A4CD768EDE65449F9A74F78655DD249CF7075B2D0EFD9EF00552D6"
