timestamp_utc,experiment_id,source_file,label,actual_status,predicted_status,decision_score,anomaly_score
2026-07-22T15:21:31.850337+00:00,CPU-01,CPU-01_metrics.csv,cpu_stress,anomaly,normal,0.030327464256662995,-0.030327464256662995
2026-07-22T15:21:37.297642+00:00,CPU-01,CPU-01_metrics.csv,cpu_stress,anomaly,normal,0.030327464256662995,-0.030327464256662995
2026-07-22T15:21:42.867619+00:00,CPU-01,CPU-01_metrics.csv,cpu_stress,anomaly,normal,0.030327464256662995,-0.030327464256662995
2026-07-22T15:21:49.903689+00:00,CPU-01,CPU-01_metrics.csv,cpu_stress,anomaly,anomaly,-0.01798871867166285,0.01798871867166285
2026-07-22T15:21:55.579933+00:00,CPU-01,CPU-01_metrics.csv,cpu_stress,anomaly,anomaly,-0.01798871867166285,0.01798871867166285
2026-07-22T15:22:01.336563+00:00,CPU-01,CPU-01_metrics.csv,cpu_stress,anomaly,anomaly,-0.01798871867166285,0.01798871867166285
2026-07-22T15:22:07.098246+00:00,CPU-01,CPU-01_metrics.csv,cpu_stress,anomaly,normal,0.11401573322034142,-0.11401573322034142
2026-07-22T15:22:14.040743+00:00,CPU-01,CPU-01_metrics.csv,cpu_stress,anomaly,normal,0.11401573322034142,-0.11401573322034142
2026-07-22T15:22:19.634011+00:00,CPU-01,CPU-01_metrics.csv,cpu_stress,anomaly,normal,0.10406451352214963,-0.10406451352214963
2026-07-22T15:22:25.249082+00:00,CPU-01,CPU-01_metrics.csv,cpu_stress,anomaly,normal,0.10406451352214963,-0.10406451352214963
2026-07-22T15:22:30.825462+00:00,CPU-01,CPU-01_metrics.csv,cpu_stress,anomaly,normal,0.10406451352214963,-0.10406451352214963
2026-07-22T15:22:36.733710+00:00,CPU-01,CPU-01_metrics.csv,cpu_stress,anomaly,normal,0.10406451352214963,-0.10406451352214963
2026-07-22T15:22:42.357900+00:00,CPU-01,CPU-01_metrics.csv,cpu_stress,anomaly,normal,0.10406451352214963,-0.10406451352214963
2026-07-22T15:22:48.117167+00:00,CPU-01,CPU-01_metrics.csv,cpu_stress,anomaly,normal,0.0472137016369486,-0.0472137016369486
2026-07-22T15:22:53.807474+00:00,CPU-01,CPU-01_metrics.csv,cpu_stress,anomaly,normal,0.0472137016369486,-0.0472137016369486
2026-07-22T15:22:59.389295+00:00,CPU-01,CPU-01_metrics.csv,cpu_stress,anomaly,normal,0.0472137016369486,-0.0472137016369486
2026-07-22T15:23:06.312043+00:00,CPU-01,CPU-01_metrics.csv,cpu_stress,anomaly,normal,0.061181617061752624,-0.061181617061752624
2026-07-22T15:23:11.957165+00:00,CPU-01,CPU-01_metrics.csv,cpu_stress,anomaly,normal,0.061181617061752624,-0.061181617061752624
2026-07-22T15:23:17.796318+00:00,CPU-01,CPU-01_metrics.csv,cpu_stress,anomaly,normal,0.07512140607090678,-0.07512140607090678
2026-07-22T15:23:23.633010+00:00,CPU-01,CPU-01_metrics.csv,cpu_stress,anomaly,normal,0.07512140607090678,-0.07512140607090678
2026-07-22T15:23:29.185749+00:00,CPU-01,CPU-01_metrics.csv,cpu_stress,anomaly,normal,0.07512140607090678,-0.07512140607090678
2026-07-22T15:23:35.134142+00:00,CPU-01,CPU-01_metrics.csv,cpu_stress,anomaly,normal,0.11396477465037735,-0.11396477465037735
2026-07-22T15:23:40.736070+00:00,CPU-01,CPU-01_metrics.csv,cpu_stress,anomaly,normal,0.11396477465037735,-0.11396477465037735
2026-07-22T15:23:46.887054+00:00,CPU-01,CPU-01_metrics.csv,cpu_stress,anomaly,normal,0.11396477465037735,-0.11396477465037735
2026-07-22T15:23:52.816902+00:00,CPU-01,CPU-01_metrics.csv,cpu_stress,anomaly,normal,0.09531504981563566,-0.09531504981563566
2026-07-22T15:23:58.572379+00:00,CPU-01,CPU-01_metrics.csv,cpu_stress,anomaly,normal,0.09531504981563566,-0.09531504981563566
2026-07-22T15:24:04.195608+00:00,CPU-01,CPU-01_metrics.csv,cpu_stress,anomaly,normal,0.09359769252290362,-0.09359769252290362
2026-07-22T15:24:09.822679+00:00,CPU-01,CPU-01_metrics.csv,cpu_stress,anomaly,normal,0.09359769252290362,-0.09359769252290362
2026-07-22T15:24:16.854385+00:00,CPU-01,CPU-01_metrics.csv,cpu_stress,anomaly,normal,0.09359769252290362,-0.09359769252290362
2026-07-22T15:24:22.561783+00:00,CPU-01,CPU-01_metrics.csv,cpu_stress,anomaly,normal,0.05554982042373402,-0.05554982042373402
2026-07-22T15:24:28.340253+00:00,CPU-01,CPU-01_metrics.csv,cpu_stress,anomaly,normal,0.05554982042373402,-0.05554982042373402
2026-07-22T15:24:35.133069+00:00,CPU-01,CPU-01_metrics.csv,cpu_stress,anomaly,normal,0.08285232163630174,-0.08285232163630174
2026-07-22T15:24:40.739659+00:00,CPU-01,CPU-01_metrics.csv,cpu_stress,anomaly,normal,0.08285232163630174,-0.08285232163630174
2026-07-22T15:24:46.401641+00:00,CPU-01,CPU-01_metrics.csv,cpu_stress,anomaly,normal,0.08285232163630174,-0.08285232163630174
2026-07-22T15:24:52.123101+00:00,CPU-01,CPU-01_metrics.csv,cpu_stress,anomaly,normal,0.007632487711079827,-0.007632487711079827
2026-07-22T15:24:58.261378+00:00,CPU-01,CPU-01_metrics.csv,cpu_stress,anomaly,normal,0.007632487711079827,-0.007632487711079827
2026-07-22T15:25:06.362944+00:00,CPU-01,CPU-01_metrics.csv,cpu_stress,anomaly,normal,0.08144635927167998,-0.08144635927167998
2026-07-22T15:25:12.048727+00:00,CPU-01,CPU-01_metrics.csv,cpu_stress,anomaly,normal,0.08144635927167998,-0.08144635927167998
2026-07-22T15:25:19.528278+00:00,CPU-01,CPU-01_metrics.csv,cpu_stress,anomaly,normal,0.025142559466920567,-0.025142559466920567
2026-07-22T15:25:25.205948+00:00,CPU-01,CPU-01_metrics.csv,cpu_stress,anomaly,normal,0.025142559466920567,-0.025142559466920567
2026-07-22T15:25:31.209087+00:00,CPU-01,CPU-01_metrics.csv,cpu_stress,anomaly,normal,0.025142559466920567,-0.025142559466920567
2026-07-22T15:25:36.852679+00:00,CPU-01,CPU-01_metrics.csv,cpu_stress,anomaly,normal,0.02219940796119857,-0.02219940796119857
2026-07-22T15:25:42.435958+00:00,CPU-01,CPU-01_metrics.csv,cpu_stress,anomaly,normal,0.02219940796119857,-0.02219940796119857
2026-07-22T15:25:48.837293+00:00,CPU-01,CPU-01_metrics.csv,cpu_stress,anomaly,normal,0.11677712324249767,-0.11677712324249767
2026-07-22T15:25:54.691696+00:00,CPU-01,CPU-01_metrics.csv,cpu_stress,anomaly,normal,0.11677712324249767,-0.11677712324249767
2026-07-22T15:26:00.277707+00:00,CPU-01,CPU-01_metrics.csv,cpu_stress,anomaly,normal,0.11677712324249767,-0.11677712324249767
2026-07-22T15:26:06.036592+00:00,CPU-01,CPU-01_metrics.csv,cpu_stress,anomaly,normal,0.11677712324249767,-0.11677712324249767
2026-07-22T15:26:11.739782+00:00,CPU-01,CPU-01_metrics.csv,cpu_stress,anomaly,normal,0.11677712324249767,-0.11677712324249767
2026-07-22T15:26:17.856140+00:00,CPU-01,CPU-01_metrics.csv,cpu_stress,anomaly,normal,0.07457749280081594,-0.07457749280081594
2026-07-22T15:26:24.824654+00:00,CPU-01,CPU-01_metrics.csv,cpu_stress,anomaly,normal,0.07457749280081594,-0.07457749280081594
2026-07-22T15:26:31.202086+00:00,CPU-01,CPU-01_metrics.csv,cpu_stress,anomaly,normal,0.07457749280081594,-0.07457749280081594
2026-07-22T15:54:00.181657+00:00,CPU-02,CPU-02_metrics.csv,cpu_stress,anomaly,anomaly,-0.02901593082741638,0.02901593082741638
2026-07-22T15:54:05.669659+00:00,CPU-02,CPU-02_metrics.csv,cpu_stress,anomaly,anomaly,-0.03653792138713596,0.03653792138713596
2026-07-22T15:54:12.028285+00:00,CPU-02,CPU-02_metrics.csv,cpu_stress,anomaly,anomaly,-0.03653792138713596,0.03653792138713596
2026-07-22T15:54:18.146397+00:00,CPU-02,CPU-02_metrics.csv,cpu_stress,anomaly,anomaly,-0.03280500878609083,0.03280500878609083
2026-07-22T15:54:32.339102+00:00,CPU-02,CPU-02_metrics.csv,cpu_stress,anomaly,normal,0.0006974158709729394,-0.0006974158709729394
2026-07-22T15:54:49.234984+00:00,CPU-02,CPU-02_metrics.csv,cpu_stress,anomaly,anomaly,-0.013472955449751356,0.013472955449751356
2026-07-22T15:54:59.019172+00:00,CPU-02,CPU-02_metrics.csv,cpu_stress,anomaly,anomaly,-0.013472955449751356,0.013472955449751356
2026-07-22T15:55:04.712050+00:00,CPU-02,CPU-02_metrics.csv,cpu_stress,anomaly,normal,0.03096274879329486,-0.03096274879329486
2026-07-22T15:55:10.316550+00:00,CPU-02,CPU-02_metrics.csv,cpu_stress,anomaly,normal,0.03096274879329486,-0.03096274879329486
2026-07-22T15:55:16.747175+00:00,CPU-02,CPU-02_metrics.csv,cpu_stress,anomaly,normal,0.03096274879329486,-0.03096274879329486
2026-07-22T15:55:22.755282+00:00,CPU-02,CPU-02_metrics.csv,cpu_stress,anomaly,normal,0.04238504508819274,-0.04238504508819274
2026-07-22T15:55:29.906055+00:00,CPU-02,CPU-02_metrics.csv,cpu_stress,anomaly,normal,0.04238504508819274,-0.04238504508819274
2026-07-22T15:55:35.906585+00:00,CPU-02,CPU-02_metrics.csv,cpu_stress,anomaly,normal,0.051393467728706344,-0.051393467728706344
2026-07-22T15:55:41.686823+00:00,CPU-02,CPU-02_metrics.csv,cpu_stress,anomaly,normal,0.051393467728706344,-0.051393467728706344
2026-07-22T15:55:47.218865+00:00,CPU-02,CPU-02_metrics.csv,cpu_stress,anomaly,normal,0.008907651112345039,-0.008907651112345039
2026-07-22T15:55:53.232784+00:00,CPU-02,CPU-02_metrics.csv,cpu_stress,anomaly,normal,0.008907651112345039,-0.008907651112345039
2026-07-22T15:55:59.570996+00:00,CPU-02,CPU-02_metrics.csv,cpu_stress,anomaly,normal,0.008907651112345039,-0.008907651112345039
2026-07-22T15:56:05.475275+00:00,CPU-02,CPU-02_metrics.csv,cpu_stress,anomaly,normal,0.041319227279815074,-0.041319227279815074
2026-07-22T15:56:11.162712+00:00,CPU-02,CPU-02_metrics.csv,cpu_stress,anomaly,normal,0.041319227279815074,-0.041319227279815074
2026-07-22T15:56:16.885470+00:00,CPU-02,CPU-02_metrics.csv,cpu_stress,anomaly,normal,0.041319227279815074,-0.041319227279815074
2026-07-22T15:56:22.618985+00:00,CPU-02,CPU-02_metrics.csv,cpu_stress,anomaly,anomaly,-0.001513159506526418,0.001513159506526418
2026-07-22T15:56:28.267485+00:00,CPU-02,CPU-02_metrics.csv,cpu_stress,anomaly,anomaly,-0.001513159506526418,0.001513159506526418
2026-07-22T15:56:34.230620+00:00,CPU-02,CPU-02_metrics.csv,cpu_stress,anomaly,anomaly,-0.020134203006816676,0.020134203006816676
2026-07-22T15:56:39.973632+00:00,CPU-02,CPU-02_metrics.csv,cpu_stress,anomaly,anomaly,-0.020134203006816676,0.020134203006816676
2026-07-22T15:56:46.864115+00:00,CPU-02,CPU-02_metrics.csv,cpu_stress,anomaly,anomaly,-0.020134203006816676,0.020134203006816676
2026-07-22T15:56:52.562938+00:00,CPU-02,CPU-02_metrics.csv,cpu_stress,anomaly,anomaly,-0.020134203006816676,0.020134203006816676
2026-07-22T15:56:58.191645+00:00,CPU-02,CPU-02_metrics.csv,cpu_stress,anomaly,anomaly,-0.020134203006816676,0.020134203006816676
2026-07-22T15:57:04.114563+00:00,CPU-02,CPU-02_metrics.csv,cpu_stress,anomaly,anomaly,-0.06602133986661007,0.06602133986661007
2026-07-22T15:57:09.971636+00:00,CPU-02,CPU-02_metrics.csv,cpu_stress,anomaly,anomaly,-0.06602133986661007,0.06602133986661007
2026-07-22T15:57:15.680484+00:00,CPU-02,CPU-02_metrics.csv,cpu_stress,anomaly,anomaly,-0.06602133986661007,0.06602133986661007
2026-07-22T15:57:21.291269+00:00,CPU-02,CPU-02_metrics.csv,cpu_stress,anomaly,anomaly,-0.06609250339019823,0.06609250339019823
2026-07-22T15:57:27.017444+00:00,CPU-02,CPU-02_metrics.csv,cpu_stress,anomaly,anomaly,-0.06609250339019823,0.06609250339019823
2026-07-22T15:57:32.695537+00:00,CPU-02,CPU-02_metrics.csv,cpu_stress,anomaly,anomaly,-0.06605692071342972,0.06605692071342972
2026-07-22T15:57:38.796790+00:00,CPU-02,CPU-02_metrics.csv,cpu_stress,anomaly,anomaly,-0.06605692071342972,0.06605692071342972
2026-07-22T15:57:44.611004+00:00,CPU-02,CPU-02_metrics.csv,cpu_stress,anomaly,anomaly,-0.06605692071342972,0.06605692071342972
2026-07-22T15:57:50.379356+00:00,CPU-02,CPU-02_metrics.csv,cpu_stress,anomaly,anomaly,-0.06605692071342972,0.06605692071342972
2026-07-22T15:57:56.165380+00:00,CPU-02,CPU-02_metrics.csv,cpu_stress,anomaly,anomaly,-0.06605692071342972,0.06605692071342972
2026-07-22T15:58:01.944392+00:00,CPU-02,CPU-02_metrics.csv,cpu_stress,anomaly,anomaly,-0.06605692071342972,0.06605692071342972
2026-07-22T15:58:07.599897+00:00,CPU-02,CPU-02_metrics.csv,cpu_stress,anomaly,anomaly,-0.06602133986661007,0.06602133986661007
2026-07-22T15:58:13.737413+00:00,CPU-02,CPU-02_metrics.csv,cpu_stress,anomaly,anomaly,-0.06602133986661007,0.06602133986661007
2026-07-22T15:58:19.466019+00:00,CPU-02,CPU-02_metrics.csv,cpu_stress,anomaly,anomaly,-0.06602133986661007,0.06602133986661007
2026-07-22T15:58:25.149310+00:00,CPU-02,CPU-02_metrics.csv,cpu_stress,anomaly,anomaly,-0.06602133986661007,0.06602133986661007
2026-07-22T15:58:30.879243+00:00,CPU-02,CPU-02_metrics.csv,cpu_stress,anomaly,anomaly,-0.06602133986661007,0.06602133986661007
2026-07-22T15:58:36.543522+00:00,CPU-02,CPU-02_metrics.csv,cpu_stress,anomaly,anomaly,-0.06602133986661007,0.06602133986661007
2026-07-22T15:58:42.434131+00:00,CPU-02,CPU-02_metrics.csv,cpu_stress,anomaly,anomaly,-0.06602133986661007,0.06602133986661007
2026-07-22T15:58:49.475955+00:00,CPU-02,CPU-02_metrics.csv,cpu_stress,anomaly,anomaly,-0.06602133986661007,0.06602133986661007
2026-07-22T15:58:55.170554+00:00,CPU-02,CPU-02_metrics.csv,cpu_stress,anomaly,anomaly,-0.06602133986661007,0.06602133986661007
2026-07-22T16:11:15.764832+00:00,CPU-03,CPU-03_metrics.csv,cpu_stress,anomaly,anomaly,-0.0585450074496654,0.0585450074496654
2026-07-22T16:11:21.208053+00:00,CPU-03,CPU-03_metrics.csv,cpu_stress,anomaly,anomaly,-0.0585450074496654,0.0585450074496654
2026-07-22T16:11:26.707453+00:00,CPU-03,CPU-03_metrics.csv,cpu_stress,anomaly,anomaly,-0.0585450074496654,0.0585450074496654
2026-07-22T16:11:32.094001+00:00,CPU-03,CPU-03_metrics.csv,cpu_stress,anomaly,anomaly,-0.0585450074496654,0.0585450074496654
2026-07-22T16:11:37.653667+00:00,CPU-03,CPU-03_metrics.csv,cpu_stress,anomaly,anomaly,-0.059841946171008575,0.059841946171008575
2026-07-22T16:30:51.497443+00:00,CPU-03,CPU-03_metrics.csv,cpu_stress,anomaly,anomaly,-0.07023720945580902,0.07023720945580902
2026-07-22T16:30:57.175242+00:00,CPU-03,CPU-03_metrics.csv,cpu_stress,anomaly,anomaly,-0.07023720945580902,0.07023720945580902
2026-07-22T16:31:02.669110+00:00,CPU-03,CPU-03_metrics.csv,cpu_stress,anomaly,anomaly,-0.07023720945580902,0.07023720945580902
2026-07-22T16:31:08.121125+00:00,CPU-03,CPU-03_metrics.csv,cpu_stress,anomaly,anomaly,-0.07347291189020544,0.07347291189020544
2026-07-22T16:31:13.584976+00:00,CPU-03,CPU-03_metrics.csv,cpu_stress,anomaly,anomaly,-0.07347291189020544,0.07347291189020544
2026-07-22T16:31:20.154770+00:00,CPU-03,CPU-03_metrics.csv,cpu_stress,anomaly,anomaly,-0.0734913152737039,0.0734913152737039
2026-07-22T16:31:25.863558+00:00,CPU-03,CPU-03_metrics.csv,cpu_stress,anomaly,anomaly,-0.0734913152737039,0.0734913152737039
2026-07-22T16:31:32.722836+00:00,CPU-03,CPU-03_metrics.csv,cpu_stress,anomaly,anomaly,-0.0734913152737039,0.0734913152737039
2026-07-22T16:31:38.808240+00:00,CPU-03,CPU-03_metrics.csv,cpu_stress,anomaly,anomaly,-0.04507936524765144,0.04507936524765144
2026-07-22T16:31:44.752459+00:00,CPU-03,CPU-03_metrics.csv,cpu_stress,anomaly,anomaly,-0.04507936524765144,0.04507936524765144
2026-07-22T16:31:50.397601+00:00,CPU-03,CPU-03_metrics.csv,cpu_stress,anomaly,anomaly,-0.04707362803531823,0.04707362803531823
2026-07-22T16:31:56.257249+00:00,CPU-03,CPU-03_metrics.csv,cpu_stress,anomaly,anomaly,-0.04707362803531823,0.04707362803531823
2026-07-22T16:32:02.478550+00:00,CPU-03,CPU-03_metrics.csv,cpu_stress,anomaly,anomaly,-0.04707362803531823,0.04707362803531823
2026-07-22T16:32:08.376745+00:00,CPU-03,CPU-03_metrics.csv,cpu_stress,anomaly,anomaly,-0.025552370000327618,0.025552370000327618
2026-07-22T16:32:14.201091+00:00,CPU-03,CPU-03_metrics.csv,cpu_stress,anomaly,anomaly,-0.025552370000327618,0.025552370000327618
2026-07-22T16:32:20.181093+00:00,CPU-03,CPU-03_metrics.csv,cpu_stress,anomaly,anomaly,-0.030480842409627007,0.030480842409627007
2026-07-22T16:32:25.787030+00:00,CPU-03,CPU-03_metrics.csv,cpu_stress,anomaly,anomaly,-0.030480842409627007,0.030480842409627007
2026-07-22T16:32:31.573289+00:00,CPU-03,CPU-03_metrics.csv,cpu_stress,anomaly,anomaly,-0.030480842409627007,0.030480842409627007
2026-07-22T16:32:37.359437+00:00,CPU-03,CPU-03_metrics.csv,cpu_stress,anomaly,anomaly,-0.020557480107411985,0.020557480107411985
2026-07-22T16:32:43.810255+00:00,CPU-03,CPU-03_metrics.csv,cpu_stress,anomaly,anomaly,-0.020557480107411985,0.020557480107411985
2026-07-22T16:32:50.187635+00:00,CPU-03,CPU-03_metrics.csv,cpu_stress,anomaly,anomaly,-0.023284274682950912,0.023284274682950912
2026-07-22T16:32:56.067676+00:00,CPU-03,CPU-03_metrics.csv,cpu_stress,anomaly,anomaly,-0.023284274682950912,0.023284274682950912
2026-07-22T16:33:02.253864+00:00,CPU-03,CPU-03_metrics.csv,cpu_stress,anomaly,anomaly,-0.023284274682950912,0.023284274682950912
2026-07-22T16:33:08.206097+00:00,CPU-03,CPU-03_metrics.csv,cpu_stress,anomaly,anomaly,-0.06423255734166622,0.06423255734166622
2026-07-22T16:33:13.929948+00:00,CPU-03,CPU-03_metrics.csv,cpu_stress,anomaly,anomaly,-0.06423255734166622,0.06423255734166622
2026-07-22T16:33:19.704778+00:00,CPU-03,CPU-03_metrics.csv,cpu_stress,anomaly,anomaly,-0.06423255734166622,0.06423255734166622
2026-07-22T16:33:25.859314+00:00,CPU-03,CPU-03_metrics.csv,cpu_stress,anomaly,anomaly,-0.06423255734166622,0.06423255734166622
2026-07-22T16:33:31.677242+00:00,CPU-03,CPU-03_metrics.csv,cpu_stress,anomaly,anomaly,-0.06423255734166622,0.06423255734166622
2026-07-22T16:33:37.337306+00:00,CPU-03,CPU-03_metrics.csv,cpu_stress,anomaly,anomaly,-0.06423255734166622,0.06423255734166622
2026-07-22T16:33:43.078061+00:00,CPU-03,CPU-03_metrics.csv,cpu_stress,anomaly,anomaly,-0.06423255734166622,0.06423255734166622
2026-07-22T16:33:48.890868+00:00,CPU-03,CPU-03_metrics.csv,cpu_stress,anomaly,anomaly,-0.06423255734166622,0.06423255734166622
2026-07-22T16:33:54.833940+00:00,CPU-03,CPU-03_metrics.csv,cpu_stress,anomaly,anomaly,-0.06423255734166622,0.06423255734166622
2026-07-22T16:34:00.742262+00:00,CPU-03,CPU-03_metrics.csv,cpu_stress,anomaly,anomaly,-0.06423255734166622,0.06423255734166622
2026-07-22T16:34:06.574533+00:00,CPU-03,CPU-03_metrics.csv,cpu_stress,anomaly,anomaly,-0.06423255734166622,0.06423255734166622
2026-07-22T16:34:12.255635+00:00,CPU-03,CPU-03_metrics.csv,cpu_stress,anomaly,anomaly,-0.06423255734166622,0.06423255734166622
2026-07-22T16:34:17.984292+00:00,CPU-03,CPU-03_metrics.csv,cpu_stress,anomaly,anomaly,-0.06423255734166622,0.06423255734166622
2026-07-22T16:34:23.825639+00:00,CPU-03,CPU-03_metrics.csv,cpu_stress,anomaly,anomaly,-0.06423255734166622,0.06423255734166622
2026-07-22T16:34:29.788342+00:00,CPU-03,CPU-03_metrics.csv,cpu_stress,anomaly,anomaly,-0.06423255734166622,0.06423255734166622
2026-07-22T16:34:35.696000+00:00,CPU-03,CPU-03_metrics.csv,cpu_stress,anomaly,anomaly,-0.06423255734166622,0.06423255734166622
2026-07-22T16:34:41.805088+00:00,CPU-03,CPU-03_metrics.csv,cpu_stress,anomaly,anomaly,-0.06423255734166622,0.06423255734166622
2026-07-22T16:34:47.553459+00:00,CPU-03,CPU-03_metrics.csv,cpu_stress,anomaly,anomaly,-0.06423255734166622,0.06423255734166622
2026-07-22T16:34:53.518244+00:00,CPU-03,CPU-03_metrics.csv,cpu_stress,anomaly,anomaly,-0.06423255734166622,0.06423255734166622
2026-07-22T16:34:59.221089+00:00,CPU-03,CPU-03_metrics.csv,cpu_stress,anomaly,anomaly,-0.06423255734166622,0.06423255734166622
2026-07-22T16:35:04.872665+00:00,CPU-03,CPU-03_metrics.csv,cpu_stress,anomaly,anomaly,-0.06423255734166622,0.06423255734166622
2026-07-22T16:35:10.667766+00:00,CPU-03,CPU-03_metrics.csv,cpu_stress,anomaly,anomaly,-0.06423255734166622,0.06423255734166622
2026-07-22T16:35:17.597281+00:00,CPU-03,CPU-03_metrics.csv,cpu_stress,anomaly,anomaly,-0.06423255734166622,0.06423255734166622
2026-07-22T16:35:23.850324+00:00,CPU-03,CPU-03_metrics.csv,cpu_stress,anomaly,anomaly,-0.06423255734166622,0.06423255734166622
2026-07-22T16:35:31.294785+00:00,CPU-03,CPU-03_metrics.csv,cpu_stress,anomaly,anomaly,-0.06423255734166622,0.06423255734166622
2026-07-22T16:35:37.053490+00:00,CPU-03,CPU-03_metrics.csv,cpu_stress,anomaly,anomaly,-0.06423255734166622,0.06423255734166622
2026-07-22T16:35:42.786280+00:00,CPU-03,CPU-03_metrics.csv,cpu_stress,anomaly,anomaly,-0.06423255734166622,0.06423255734166622
2026-07-22T16:35:48.645867+00:00,CPU-03,CPU-03_metrics.csv,cpu_stress,anomaly,anomaly,-0.06423255734166622,0.06423255734166622
2026-07-22T16:35:54.282690+00:00,CPU-03,CPU-03_metrics.csv,cpu_stress,anomaly,anomaly,-0.06423255734166622,0.06423255734166622
2026-07-22T16:35:59.849834+00:00,CPU-03,CPU-03_metrics.csv,cpu_stress,anomaly,anomaly,-0.06423255734166622,0.06423255734166622
2026-07-22T16:36:06.094507+00:00,CPU-03,CPU-03_metrics.csv,cpu_stress,anomaly,anomaly,-0.06423255734166622,0.06423255734166622
2026-07-22T16:36:12.286242+00:00,CPU-03,CPU-03_metrics.csv,cpu_stress,anomaly,anomaly,-0.06423255734166622,0.06423255734166622
2026-07-22T16:36:18.341482+00:00,CPU-03,CPU-03_metrics.csv,cpu_stress,anomaly,anomaly,-0.022494079911135723,0.022494079911135723
2026-07-22T16:36:24.679378+00:00,CPU-03,CPU-03_metrics.csv,cpu_stress,anomaly,anomaly,-0.022494079911135723,0.022494079911135723
2026-07-22T16:36:30.387880+00:00,CPU-03,CPU-03_metrics.csv,cpu_stress,anomaly,anomaly,-0.022494079911135723,0.022494079911135723
2026-07-22T16:36:36.077800+00:00,CPU-03,CPU-03_metrics.csv,cpu_stress,anomaly,anomaly,-0.017703198116662322,0.017703198116662322
2026-07-22T16:36:42.272832+00:00,CPU-03,CPU-03_metrics.csv,cpu_stress,anomaly,anomaly,-0.017703198116662322,0.017703198116662322
2026-07-22T16:36:48.189500+00:00,CPU-03,CPU-03_metrics.csv,cpu_stress,anomaly,anomaly,-0.017703198116662322,0.017703198116662322
2026-07-22T18:19:51.279073+00:00,CRASH-01,CRASH-01_metrics.csv,crash_loop,anomaly,normal,0.03279638661660267,-0.03279638661660267
2026-07-22T18:19:56.810527+00:00,CRASH-01,CRASH-01_metrics.csv,crash_loop,anomaly,normal,0.03279638661660267,-0.03279638661660267
2026-07-22T18:20:02.274049+00:00,CRASH-01,CRASH-01_metrics.csv,crash_loop,anomaly,normal,0.03279638661660267,-0.03279638661660267
2026-07-22T18:20:08.001750+00:00,CRASH-01,CRASH-01_metrics.csv,crash_loop,anomaly,normal,0.03366585203308026,-0.03366585203308026
2026-07-22T18:20:13.407356+00:00,CRASH-01,CRASH-01_metrics.csv,crash_loop,anomaly,normal,0.03366585203308026,-0.03366585203308026
2026-07-22T18:20:18.863727+00:00,CRASH-01,CRASH-01_metrics.csv,crash_loop,anomaly,normal,0.030327464256662995,-0.030327464256662995
2026-07-22T18:20:24.298413+00:00,CRASH-01,CRASH-01_metrics.csv,crash_loop,anomaly,normal,0.030327464256662995,-0.030327464256662995
2026-07-22T18:20:29.749444+00:00,CRASH-01,CRASH-01_metrics.csv,crash_loop,anomaly,normal,0.030327464256662995,-0.030327464256662995
2026-07-22T18:20:35.136168+00:00,CRASH-01,CRASH-01_metrics.csv,crash_loop,anomaly,normal,0.029280856854812187,-0.029280856854812187
2026-07-22T18:20:40.592395+00:00,CRASH-01,CRASH-01_metrics.csv,crash_loop,anomaly,normal,0.029280856854812187,-0.029280856854812187
2026-07-22T18:20:46.066510+00:00,CRASH-01,CRASH-01_metrics.csv,crash_loop,anomaly,normal,0.029280856854812187,-0.029280856854812187
2026-07-22T18:20:51.635337+00:00,CRASH-01,CRASH-01_metrics.csv,crash_loop,anomaly,anomaly,-0.023967913879525793,0.023967913879525793
2026-07-22T18:20:57.052092+00:00,CRASH-01,CRASH-01_metrics.csv,crash_loop,anomaly,anomaly,-0.023967913879525793,0.023967913879525793
2026-07-22T18:21:02.977729+00:00,CRASH-01,CRASH-01_metrics.csv,crash_loop,anomaly,normal,0.03338133032144297,-0.03338133032144297
2026-07-22T18:21:08.991134+00:00,CRASH-01,CRASH-01_metrics.csv,crash_loop,anomaly,normal,0.03338133032144297,-0.03338133032144297
2026-07-22T18:21:14.535795+00:00,CRASH-01,CRASH-01_metrics.csv,crash_loop,anomaly,normal,0.03338133032144297,-0.03338133032144297
2026-07-22T18:21:21.114078+00:00,CRASH-01,CRASH-01_metrics.csv,crash_loop,anomaly,normal,0.03338133032144297,-0.03338133032144297
2026-07-22T18:21:27.032021+00:00,CRASH-01,CRASH-01_metrics.csv,crash_loop,anomaly,normal,0.17627268440299532,-0.17627268440299532
2026-07-22T18:21:32.681393+00:00,CRASH-01,CRASH-01_metrics.csv,crash_loop,anomaly,normal,0.06363253551560633,-0.06363253551560633
2026-07-22T18:21:40.440464+00:00,CRASH-01,CRASH-01_metrics.csv,crash_loop,anomaly,normal,0.06363253551560633,-0.06363253551560633
2026-07-22T18:21:46.870093+00:00,CRASH-01,CRASH-01_metrics.csv,crash_loop,anomaly,normal,0.06363253551560633,-0.06363253551560633
2026-07-22T18:21:53.318873+00:00,CRASH-01,CRASH-01_metrics.csv,crash_loop,anomaly,normal,0.02938685827300913,-0.02938685827300913
2026-07-22T18:22:03.203502+00:00,CRASH-01,CRASH-01_metrics.csv,crash_loop,anomaly,normal,0.05771928720163766,-0.05771928720163766
2026-07-22T18:22:11.259343+00:00,CRASH-01,CRASH-01_metrics.csv,crash_loop,anomaly,normal,0.05771928720163766,-0.05771928720163766
2026-07-22T18:22:17.201482+00:00,CRASH-01,CRASH-01_metrics.csv,crash_loop,anomaly,normal,0.05771928720163766,-0.05771928720163766
2026-07-22T18:22:22.959582+00:00,CRASH-01,CRASH-01_metrics.csv,crash_loop,anomaly,normal,0.03416732761574781,-0.03416732761574781
2026-07-22T18:22:28.740867+00:00,CRASH-01,CRASH-01_metrics.csv,crash_loop,anomaly,normal,0.03416732761574781,-0.03416732761574781
2026-07-22T18:22:34.437867+00:00,CRASH-01,CRASH-01_metrics.csv,crash_loop,anomaly,normal,0.17627268440299532,-0.17627268440299532
2026-07-22T18:22:40.162403+00:00,CRASH-01,CRASH-01_metrics.csv,crash_loop,anomaly,normal,0.17627268440299532,-0.17627268440299532
2026-07-22T18:22:45.886317+00:00,CRASH-01,CRASH-01_metrics.csv,crash_loop,anomaly,normal,0.17627268440299532,-0.17627268440299532
2026-07-22T18:22:52.086837+00:00,CRASH-01,CRASH-01_metrics.csv,crash_loop,anomaly,normal,0.022623190746934863,-0.022623190746934863
2026-07-22T18:22:58.498887+00:00,CRASH-01,CRASH-01_metrics.csv,crash_loop,anomaly,normal,0.022623190746934863,-0.022623190746934863
2026-07-22T18:23:05.232156+00:00,CRASH-01,CRASH-01_metrics.csv,crash_loop,anomaly,normal,0.027632373924657117,-0.027632373924657117
2026-07-22T18:23:11.004149+00:00,CRASH-01,CRASH-01_metrics.csv,crash_loop,anomaly,normal,0.027632373924657117,-0.027632373924657117
2026-07-22T18:23:18.362345+00:00,CRASH-01,CRASH-01_metrics.csv,crash_loop,anomaly,normal,0.17627268440299532,-0.17627268440299532
2026-07-22T18:23:24.436635+00:00,CRASH-01,CRASH-01_metrics.csv,crash_loop,anomaly,normal,0.17627268440299532,-0.17627268440299532
2026-07-22T18:23:30.452701+00:00,CRASH-01,CRASH-01_metrics.csv,crash_loop,anomaly,normal,0.17627268440299532,-0.17627268440299532
2026-07-22T18:23:36.668360+00:00,CRASH-01,CRASH-01_metrics.csv,crash_loop,anomaly,normal,0.17627268440299532,-0.17627268440299532
2026-07-22T18:23:43.726907+00:00,CRASH-01,CRASH-01_metrics.csv,crash_loop,anomaly,normal,0.17627268440299532,-0.17627268440299532
2026-07-22T18:23:50.377866+00:00,CRASH-01,CRASH-01_metrics.csv,crash_loop,anomaly,normal,0.036110583689673126,-0.036110583689673126
2026-07-22T18:23:56.611603+00:00,CRASH-01,CRASH-01_metrics.csv,crash_loop,anomaly,normal,0.036110583689673126,-0.036110583689673126
2026-07-22T18:24:03.267006+00:00,CRASH-01,CRASH-01_metrics.csv,crash_loop,anomaly,normal,0.03501886601974258,-0.03501886601974258
2026-07-22T18:24:09.013917+00:00,CRASH-01,CRASH-01_metrics.csv,crash_loop,anomaly,normal,0.03501886601974258,-0.03501886601974258
2026-07-22T18:24:15.240496+00:00,CRASH-01,CRASH-01_metrics.csv,crash_loop,anomaly,normal,0.03501886601974258,-0.03501886601974258
2026-07-22T18:24:21.248734+00:00,CRASH-01,CRASH-01_metrics.csv,crash_loop,anomaly,normal,0.17627268440299532,-0.17627268440299532
2026-07-22T18:24:27.339924+00:00,CRASH-01,CRASH-01_metrics.csv,crash_loop,anomaly,normal,0.17627268440299532,-0.17627268440299532
2026-07-22T18:24:33.118785+00:00,CRASH-01,CRASH-01_metrics.csv,crash_loop,anomaly,normal,0.17627268440299532,-0.17627268440299532
2026-07-22T18:24:38.850146+00:00,CRASH-01,CRASH-01_metrics.csv,crash_loop,anomaly,normal,0.17627268440299532,-0.17627268440299532
2026-07-22T18:24:44.657470+00:00,CRASH-01,CRASH-01_metrics.csv,crash_loop,anomaly,normal,0.17627268440299532,-0.17627268440299532
2026-07-22T18:24:50.314645+00:00,CRASH-01,CRASH-01_metrics.csv,crash_loop,anomaly,normal,0.17627268440299532,-0.17627268440299532
2026-07-22T18:24:57.674513+00:00,CRASH-01,CRASH-01_metrics.csv,crash_loop,anomaly,normal,0.17627268440299532,-0.17627268440299532
2026-07-22T18:25:03.910050+00:00,CRASH-01,CRASH-01_metrics.csv,crash_loop,anomaly,normal,0.17627268440299532,-0.17627268440299532
2026-07-22T18:25:12.307607+00:00,CRASH-01,CRASH-01_metrics.csv,crash_loop,anomaly,normal,0.17627268440299532,-0.17627268440299532
2026-07-22T18:25:19.154699+00:00,CRASH-01,CRASH-01_metrics.csv,crash_loop,anomaly,normal,0.015398989874361724,-0.015398989874361724
2026-07-22T18:25:27.929974+00:00,CRASH-01,CRASH-01_metrics.csv,crash_loop,anomaly,normal,0.015398989874361724,-0.015398989874361724
2026-07-22T18:25:33.915847+00:00,CRASH-01,CRASH-01_metrics.csv,crash_loop,anomaly,normal,0.17627268440299532,-0.17627268440299532
2026-07-22T18:25:39.711824+00:00,CRASH-01,CRASH-01_metrics.csv,crash_loop,anomaly,normal,0.17627268440299532,-0.17627268440299532
2026-07-22T18:25:46.147537+00:00,CRASH-01,CRASH-01_metrics.csv,crash_loop,anomaly,normal,0.17627268440299532,-0.17627268440299532
2026-07-22T18:25:52.106771+00:00,CRASH-01,CRASH-01_metrics.csv,crash_loop,anomaly,normal,0.17627268440299532,-0.17627268440299532
2026-07-22T18:25:58.161500+00:00,CRASH-01,CRASH-01_metrics.csv,crash_loop,anomaly,normal,0.17627268440299532,-0.17627268440299532
2026-07-22T18:26:03.752322+00:00,CRASH-01,CRASH-01_metrics.csv,crash_loop,anomaly,normal,0.17627268440299532,-0.17627268440299532
2026-07-22T18:26:09.411877+00:00,CRASH-01,CRASH-01_metrics.csv,crash_loop,anomaly,normal,0.17627268440299532,-0.17627268440299532
2026-07-22T18:26:16.132965+00:00,CRASH-01,CRASH-01_metrics.csv,crash_loop,anomaly,normal,0.17627268440299532,-0.17627268440299532
2026-07-22T18:26:21.864256+00:00,CRASH-01,CRASH-01_metrics.csv,crash_loop,anomaly,normal,0.17627268440299532,-0.17627268440299532
2026-07-22T18:26:27.677875+00:00,CRASH-01,CRASH-01_metrics.csv,crash_loop,anomaly,normal,0.17627268440299532,-0.17627268440299532
2026-07-22T18:26:33.898822+00:00,CRASH-01,CRASH-01_metrics.csv,crash_loop,anomaly,normal,0.17627268440299532,-0.17627268440299532
2026-07-22T18:26:40.167097+00:00,CRASH-01,CRASH-01_metrics.csv,crash_loop,anomaly,normal,0.17627268440299532,-0.17627268440299532
2026-07-22T18:26:46.435494+00:00,CRASH-01,CRASH-01_metrics.csv,crash_loop,anomaly,normal,0.17627268440299532,-0.17627268440299532
2026-07-22T18:26:53.304936+00:00,CRASH-01,CRASH-01_metrics.csv,crash_loop,anomaly,normal,0.17627268440299532,-0.17627268440299532
2026-07-22T18:27:00.745437+00:00,CRASH-01,CRASH-01_metrics.csv,crash_loop,anomaly,normal,0.17627268440299532,-0.17627268440299532
2026-07-22T18:27:06.656947+00:00,CRASH-01,CRASH-01_metrics.csv,crash_loop,anomaly,anomaly,-0.009085225044060619,0.009085225044060619
2026-07-22T18:27:12.433667+00:00,CRASH-01,CRASH-01_metrics.csv,crash_loop,anomaly,anomaly,-0.009085225044060619,0.009085225044060619
2026-07-22T18:27:18.330633+00:00,CRASH-01,CRASH-01_metrics.csv,crash_loop,anomaly,anomaly,-0.009085225044060619,0.009085225044060619
2026-07-22T18:27:24.522986+00:00,CRASH-01,CRASH-01_metrics.csv,crash_loop,anomaly,anomaly,-0.009085225044060619,0.009085225044060619
2026-07-22T18:27:30.322090+00:00,CRASH-01,CRASH-01_metrics.csv,crash_loop,anomaly,anomaly,-0.009085225044060619,0.009085225044060619
2026-07-22T18:27:36.067317+00:00,CRASH-01,CRASH-01_metrics.csv,crash_loop,anomaly,normal,0.17627268440299532,-0.17627268440299532
2026-07-22T18:27:41.891885+00:00,CRASH-01,CRASH-01_metrics.csv,crash_loop,anomaly,normal,0.17627268440299532,-0.17627268440299532
2026-07-22T18:27:47.453973+00:00,CRASH-01,CRASH-01_metrics.csv,crash_loop,anomaly,normal,0.17627268440299532,-0.17627268440299532
2026-07-22T18:39:14.894400+00:00,CRASH-02,CRASH-02_metrics.csv,crash_loop,anomaly,anomaly,-0.005014020578405276,0.005014020578405276
2026-07-22T18:39:20.323469+00:00,CRASH-02,CRASH-02_metrics.csv,crash_loop,anomaly,normal,0.03416697992037976,-0.03416697992037976
2026-07-22T18:39:25.841261+00:00,CRASH-02,CRASH-02_metrics.csv,crash_loop,anomaly,normal,0.03416697992037976,-0.03416697992037976
2026-07-22T18:39:31.224194+00:00,CRASH-02,CRASH-02_metrics.csv,crash_loop,anomaly,normal,0.03416697992037976,-0.03416697992037976
2026-07-22T18:39:36.677939+00:00,CRASH-02,CRASH-02_metrics.csv,crash_loop,anomaly,normal,0.030129458438666434,-0.030129458438666434
2026-07-22T18:39:42.091388+00:00,CRASH-02,CRASH-02_metrics.csv,crash_loop,anomaly,normal,0.030129458438666434,-0.030129458438666434
2026-07-22T18:39:47.863599+00:00,CRASH-02,CRASH-02_metrics.csv,crash_loop,anomaly,normal,0.030129458438666434,-0.030129458438666434
2026-07-22T18:39:53.352454+00:00,CRASH-02,CRASH-02_metrics.csv,crash_loop,anomaly,normal,0.03338133032144297,-0.03338133032144297
2026-07-22T18:39:58.779249+00:00,CRASH-02,CRASH-02_metrics.csv,crash_loop,anomaly,normal,0.03338133032144297,-0.03338133032144297
2026-07-22T18:40:04.203352+00:00,CRASH-02,CRASH-02_metrics.csv,crash_loop,anomaly,normal,0.03338133032144297,-0.03338133032144297
2026-07-22T18:40:09.627802+00:00,CRASH-02,CRASH-02_metrics.csv,crash_loop,anomaly,normal,0.03338133032144297,-0.03338133032144297
2026-07-22T18:40:15.104504+00:00,CRASH-02,CRASH-02_metrics.csv,crash_loop,anomaly,normal,0.03338133032144297,-0.03338133032144297
2026-07-22T18:40:20.550944+00:00,CRASH-02,CRASH-02_metrics.csv,crash_loop,anomaly,anomaly,-0.014307219935871696,0.014307219935871696
2026-07-22T18:40:25.958803+00:00,CRASH-02,CRASH-02_metrics.csv,crash_loop,anomaly,anomaly,-0.014307219935871696,0.014307219935871696
2026-07-22T18:40:31.325868+00:00,CRASH-02,CRASH-02_metrics.csv,crash_loop,anomaly,anomaly,-0.014307219935871696,0.014307219935871696
2026-07-22T18:40:36.913163+00:00,CRASH-02,CRASH-02_metrics.csv,crash_loop,anomaly,anomaly,-0.008910609042896422,0.008910609042896422
2026-07-22T18:40:42.291225+00:00,CRASH-02,CRASH-02_metrics.csv,crash_loop,anomaly,anomaly,-0.008910609042896422,0.008910609042896422
2026-07-22T18:40:48.193351+00:00,CRASH-02,CRASH-02_metrics.csv,crash_loop,anomaly,normal,0.03338133032144297,-0.03338133032144297
2026-07-22T18:40:54.082257+00:00,CRASH-02,CRASH-02_metrics.csv,crash_loop,anomaly,normal,0.17627268440299532,-0.17627268440299532
2026-07-22T18:41:00.023070+00:00,CRASH-02,CRASH-02_metrics.csv,crash_loop,anomaly,normal,0.17627268440299532,-0.17627268440299532
2026-07-22T18:41:05.974823+00:00,CRASH-02,CRASH-02_metrics.csv,crash_loop,anomaly,anomaly,-0.01883946122485347,0.01883946122485347
2026-07-22T18:41:11.591750+00:00,CRASH-02,CRASH-02_metrics.csv,crash_loop,anomaly,anomaly,-0.01883946122485347,0.01883946122485347
2026-07-22T18:41:17.228917+00:00,CRASH-02,CRASH-02_metrics.csv,crash_loop,anomaly,anomaly,-0.01883946122485347,0.01883946122485347
2026-07-22T18:41:23.124275+00:00,CRASH-02,CRASH-02_metrics.csv,crash_loop,anomaly,normal,0.03002903785961697,-0.03002903785961697
2026-07-22T18:41:28.764511+00:00,CRASH-02,CRASH-02_metrics.csv,crash_loop,anomaly,normal,0.03002903785961697,-0.03002903785961697
2026-07-22T18:41:34.705723+00:00,CRASH-02,CRASH-02_metrics.csv,crash_loop,anomaly,normal,0.025583850631142768,-0.025583850631142768
2026-07-22T18:41:40.510931+00:00,CRASH-02,CRASH-02_metrics.csv,crash_loop,anomaly,normal,0.025583850631142768,-0.025583850631142768
2026-07-22T18:41:46.288247+00:00,CRASH-02,CRASH-02_metrics.csv,crash_loop,anomaly,normal,0.025583850631142768,-0.025583850631142768
2026-07-22T18:41:51.912623+00:00,CRASH-02,CRASH-02_metrics.csv,crash_loop,anomaly,normal,0.025583850631142768,-0.025583850631142768
2026-07-22T18:41:57.601065+00:00,CRASH-02,CRASH-02_metrics.csv,crash_loop,anomaly,normal,0.025583850631142768,-0.025583850631142768
2026-07-22T18:42:03.206590+00:00,CRASH-02,CRASH-02_metrics.csv,crash_loop,anomaly,normal,0.17627268440299532,-0.17627268440299532
2026-07-22T18:42:09.780723+00:00,CRASH-02,CRASH-02_metrics.csv,crash_loop,anomaly,normal,0.17627268440299532,-0.17627268440299532
2026-07-22T18:42:15.673259+00:00,CRASH-02,CRASH-02_metrics.csv,crash_loop,anomaly,normal,0.17627268440299532,-0.17627268440299532
2026-07-22T18:42:21.275483+00:00,CRASH-02,CRASH-02_metrics.csv,crash_loop,anomaly,normal,0.04524655360047858,-0.04524655360047858
2026-07-22T18:42:27.584225+00:00,CRASH-02,CRASH-02_metrics.csv,crash_loop,anomaly,normal,0.04524655360047858,-0.04524655360047858
2026-07-22T18:42:33.777658+00:00,CRASH-02,CRASH-02_metrics.csv,crash_loop,anomaly,normal,0.042473471612549885,-0.042473471612549885
2026-07-22T18:42:40.069922+00:00,CRASH-02,CRASH-02_metrics.csv,crash_loop,anomaly,normal,0.042473471612549885,-0.042473471612549885
2026-07-22T18:42:46.382242+00:00,CRASH-02,CRASH-02_metrics.csv,crash_loop,anomaly,normal,0.042473471612549885,-0.042473471612549885
2026-07-22T18:42:53.453915+00:00,CRASH-02,CRASH-02_metrics.csv,crash_loop,anomaly,normal,0.17627268440299532,-0.17627268440299532
2026-07-22T18:43:00.348051+00:00,CRASH-02,CRASH-02_metrics.csv,crash_loop,anomaly,normal,0.17627268440299532,-0.17627268440299532
2026-07-22T18:43:07.006644+00:00,CRASH-02,CRASH-02_metrics.csv,crash_loop,anomaly,normal,0.17627268440299532,-0.17627268440299532
2026-07-22T18:43:13.111192+00:00,CRASH-02,CRASH-02_metrics.csv,crash_loop,anomaly,normal,0.17627268440299532,-0.17627268440299532
2026-07-22T18:43:19.284951+00:00,CRASH-02,CRASH-02_metrics.csv,crash_loop,anomaly,normal,0.0028189939295750754,-0.0028189939295750754
2026-07-22T18:43:25.779408+00:00,CRASH-02,CRASH-02_metrics.csv,crash_loop,anomaly,normal,0.0028189939295750754,-0.0028189939295750754
2026-07-22T18:43:31.545293+00:00,CRASH-02,CRASH-02_metrics.csv,crash_loop,anomaly,normal,0.0028189939295750754,-0.0028189939295750754
2026-07-22T18:43:37.635641+00:00,CRASH-02,CRASH-02_metrics.csv,crash_loop,anomaly,normal,0.04569825080129264,-0.04569825080129264
2026-07-22T18:43:44.049573+00:00,CRASH-02,CRASH-02_metrics.csv,crash_loop,anomaly,normal,0.04569825080129264,-0.04569825080129264
2026-07-22T18:43:50.134515+00:00,CRASH-02,CRASH-02_metrics.csv,crash_loop,anomaly,normal,0.17627268440299532,-0.17627268440299532
2026-07-22T18:43:56.284532+00:00,CRASH-02,CRASH-02_metrics.csv,crash_loop,anomaly,normal,0.17627268440299532,-0.17627268440299532
2026-07-22T18:44:02.029727+00:00,CRASH-02,CRASH-02_metrics.csv,crash_loop,anomaly,normal,0.17627268440299532,-0.17627268440299532
2026-07-22T18:44:07.814118+00:00,CRASH-02,CRASH-02_metrics.csv,crash_loop,anomaly,normal,0.17627268440299532,-0.17627268440299532
2026-07-22T18:44:13.695955+00:00,CRASH-02,CRASH-02_metrics.csv,crash_loop,anomaly,normal,0.17627268440299532,-0.17627268440299532
2026-07-22T18:44:19.419810+00:00,CRASH-02,CRASH-02_metrics.csv,crash_loop,anomaly,normal,0.17627268440299532,-0.17627268440299532
2026-07-22T18:44:25.087236+00:00,CRASH-02,CRASH-02_metrics.csv,crash_loop,anomaly,normal,0.17627268440299532,-0.17627268440299532
2026-07-22T18:44:31.085438+00:00,CRASH-02,CRASH-02_metrics.csv,crash_loop,anomaly,normal,0.17627268440299532,-0.17627268440299532
2026-07-22T18:44:36.772462+00:00,CRASH-02,CRASH-02_metrics.csv,crash_loop,anomaly,normal,0.17627268440299532,-0.17627268440299532
2026-07-22T18:44:42.711397+00:00,CRASH-02,CRASH-02_metrics.csv,crash_loop,anomaly,normal,0.17627268440299532,-0.17627268440299532
2026-07-22T18:44:48.825187+00:00,CRASH-02,CRASH-02_metrics.csv,crash_loop,anomaly,normal,0.17627268440299532,-0.17627268440299532
2026-07-22T18:44:55.711773+00:00,CRASH-02,CRASH-02_metrics.csv,crash_loop,anomaly,normal,0.17627268440299532,-0.17627268440299532
2026-07-22T18:45:01.384849+00:00,CRASH-02,CRASH-02_metrics.csv,crash_loop,anomaly,normal,0.17627268440299532,-0.17627268440299532
2026-07-22T18:45:07.161151+00:00,CRASH-02,CRASH-02_metrics.csv,crash_loop,anomaly,normal,0.029645498366861034,-0.029645498366861034
2026-07-22T18:45:13.237944+00:00,CRASH-02,CRASH-02_metrics.csv,crash_loop,anomaly,normal,0.029645498366861034,-0.029645498366861034
2026-07-22T18:45:20.842524+00:00,CRASH-02,CRASH-02_metrics.csv,crash_loop,anomaly,normal,0.17627268440299532,-0.17627268440299532
2026-07-22T18:45:26.699067+00:00,CRASH-02,CRASH-02_metrics.csv,crash_loop,anomaly,normal,0.17627268440299532,-0.17627268440299532
2026-07-22T18:45:33.976746+00:00,CRASH-02,CRASH-02_metrics.csv,crash_loop,anomaly,normal,0.17627268440299532,-0.17627268440299532
2026-07-22T18:45:40.124212+00:00,CRASH-02,CRASH-02_metrics.csv,crash_loop,anomaly,normal,0.17627268440299532,-0.17627268440299532
2026-07-22T18:45:46.557965+00:00,CRASH-02,CRASH-02_metrics.csv,crash_loop,anomaly,normal,0.17627268440299532,-0.17627268440299532
2026-07-22T18:45:52.549825+00:00,CRASH-02,CRASH-02_metrics.csv,crash_loop,anomaly,normal,0.17627268440299532,-0.17627268440299532
2026-07-22T18:45:58.121839+00:00,CRASH-02,CRASH-02_metrics.csv,crash_loop,anomaly,normal,0.17627268440299532,-0.17627268440299532
2026-07-22T18:46:03.721854+00:00,CRASH-02,CRASH-02_metrics.csv,crash_loop,anomaly,normal,0.17627268440299532,-0.17627268440299532
2026-07-22T18:46:09.324934+00:00,CRASH-02,CRASH-02_metrics.csv,crash_loop,anomaly,normal,0.17627268440299532,-0.17627268440299532
2026-07-22T18:46:15.294093+00:00,CRASH-02,CRASH-02_metrics.csv,crash_loop,anomaly,normal,0.17627268440299532,-0.17627268440299532
2026-07-22T18:46:21.139540+00:00,CRASH-02,CRASH-02_metrics.csv,crash_loop,anomaly,normal,0.17627268440299532,-0.17627268440299532
2026-07-22T18:46:26.782006+00:00,CRASH-02,CRASH-02_metrics.csv,crash_loop,anomaly,normal,0.17627268440299532,-0.17627268440299532
2026-07-22T18:46:32.537633+00:00,CRASH-02,CRASH-02_metrics.csv,crash_loop,anomaly,normal,0.17627268440299532,-0.17627268440299532
2026-07-22T18:46:38.184231+00:00,CRASH-02,CRASH-02_metrics.csv,crash_loop,anomaly,normal,0.17627268440299532,-0.17627268440299532
2026-07-22T18:46:43.836205+00:00,CRASH-02,CRASH-02_metrics.csv,crash_loop,anomaly,normal,0.17627268440299532,-0.17627268440299532
2026-07-22T18:46:49.607886+00:00,CRASH-02,CRASH-02_metrics.csv,crash_loop,anomaly,normal,0.17627268440299532,-0.17627268440299532
2026-07-22T18:46:55.265696+00:00,CRASH-02,CRASH-02_metrics.csv,crash_loop,anomaly,normal,0.17627268440299532,-0.17627268440299532
2026-07-22T18:47:01.066886+00:00,CRASH-02,CRASH-02_metrics.csv,crash_loop,anomaly,normal,0.17627268440299532,-0.17627268440299532
2026-07-22T18:47:06.586030+00:00,CRASH-02,CRASH-02_metrics.csv,crash_loop,anomaly,normal,0.007631904481671503,-0.007631904481671503
2026-07-22T18:47:12.081614+00:00,CRASH-02,CRASH-02_metrics.csv,crash_loop,anomaly,normal,0.007631904481671503,-0.007631904481671503
2026-07-22T18:47:15.235852+00:00,CRASH-02,CRASH-02_metrics.csv,crash_loop,anomaly,normal,0.007631904481671503,-0.007631904481671503
2026-07-22T18:47:20.733619+00:00,CRASH-02,CRASH-02_metrics.csv,crash_loop,anomaly,normal,0.01401274970013866,-0.01401274970013866
2026-07-22T18:47:26.602311+00:00,CRASH-02,CRASH-02_metrics.csv,crash_loop,anomaly,normal,0.01401274970013866,-0.01401274970013866
2026-07-22T18:47:32.006048+00:00,CRASH-02,CRASH-02_metrics.csv,crash_loop,anomaly,normal,0.01401274970013866,-0.01401274970013866
2026-07-22T18:47:37.550158+00:00,CRASH-02,CRASH-02_metrics.csv,crash_loop,anomaly,normal,0.17627268440299532,-0.17627268440299532
2026-07-22T18:47:43.229920+00:00,CRASH-02,CRASH-02_metrics.csv,crash_loop,anomaly,normal,0.17627268440299532,-0.17627268440299532
2026-07-22T18:47:48.675141+00:00,CRASH-02,CRASH-02_metrics.csv,crash_loop,anomaly,normal,0.17627268440299532,-0.17627268440299532
2026-07-22T18:47:54.242382+00:00,CRASH-02,CRASH-02_metrics.csv,crash_loop,anomaly,normal,0.17627268440299532,-0.17627268440299532
2026-07-22T18:47:59.727020+00:00,CRASH-02,CRASH-02_metrics.csv,crash_loop,anomaly,normal,0.17627268440299532,-0.17627268440299532
2026-07-22T18:48:05.116287+00:00,CRASH-02,CRASH-02_metrics.csv,crash_loop,anomaly,normal,0.17627268440299532,-0.17627268440299532
2026-07-22T18:48:10.512164+00:00,CRASH-02,CRASH-02_metrics.csv,crash_loop,anomaly,normal,0.17627268440299532,-0.17627268440299532
2026-07-22T18:48:15.964048+00:00,CRASH-02,CRASH-02_metrics.csv,crash_loop,anomaly,normal,0.17627268440299532,-0.17627268440299532
2026-07-22T18:48:21.331866+00:00,CRASH-02,CRASH-02_metrics.csv,crash_loop,anomaly,normal,0.17627268440299532,-0.17627268440299532
2026-07-22T18:48:26.747642+00:00,CRASH-02,CRASH-02_metrics.csv,crash_loop,anomaly,normal,0.17627268440299532,-0.17627268440299532
2026-07-22T18:48:32.241487+00:00,CRASH-02,CRASH-02_metrics.csv,crash_loop,anomaly,normal,0.17627268440299532,-0.17627268440299532
2026-07-22T18:48:37.649631+00:00,CRASH-02,CRASH-02_metrics.csv,crash_loop,anomaly,normal,0.17627268440299532,-0.17627268440299532
2026-07-22T18:48:43.145686+00:00,CRASH-02,CRASH-02_metrics.csv,crash_loop,anomaly,normal,0.17627268440299532,-0.17627268440299532
2026-07-22T18:48:48.613977+00:00,CRASH-02,CRASH-02_metrics.csv,crash_loop,anomaly,normal,0.17627268440299532,-0.17627268440299532
2026-07-22T18:48:54.098127+00:00,CRASH-02,CRASH-02_metrics.csv,crash_loop,anomaly,normal,0.17627268440299532,-0.17627268440299532
2026-07-22T18:48:59.503245+00:00,CRASH-02,CRASH-02_metrics.csv,crash_loop,anomaly,normal,0.17627268440299532,-0.17627268440299532
2026-07-22T18:49:04.973796+00:00,CRASH-02,CRASH-02_metrics.csv,crash_loop,anomaly,normal,0.17627268440299532,-0.17627268440299532
2026-07-22T18:49:10.379160+00:00,CRASH-02,CRASH-02_metrics.csv,crash_loop,anomaly,normal,0.17627268440299532,-0.17627268440299532
2026-07-22T18:49:15.853825+00:00,CRASH-02,CRASH-02_metrics.csv,crash_loop,anomaly,normal,0.17627268440299532,-0.17627268440299532
2026-07-22T18:49:21.279828+00:00,CRASH-02,CRASH-02_metrics.csv,crash_loop,anomaly,normal,0.17627268440299532,-0.17627268440299532
2026-07-22T18:49:26.702977+00:00,CRASH-02,CRASH-02_metrics.csv,crash_loop,anomaly,normal,0.17627268440299532,-0.17627268440299532
2026-07-22T18:49:32.101363+00:00,CRASH-02,CRASH-02_metrics.csv,crash_loop,anomaly,normal,0.17627268440299532,-0.17627268440299532
2026-07-22T18:49:37.506608+00:00,CRASH-02,CRASH-02_metrics.csv,crash_loop,anomaly,normal,0.17627268440299532,-0.17627268440299532
2026-07-22T18:49:42.894913+00:00,CRASH-02,CRASH-02_metrics.csv,crash_loop,anomaly,normal,0.17627268440299532,-0.17627268440299532
2026-07-22T18:49:48.307433+00:00,CRASH-02,CRASH-02_metrics.csv,crash_loop,anomaly,normal,0.17627268440299532,-0.17627268440299532
2026-07-22T18:49:54.241584+00:00,CRASH-02,CRASH-02_metrics.csv,crash_loop,anomaly,normal,0.17627268440299532,-0.17627268440299532
2026-07-22T18:50:00.726368+00:00,CRASH-02,CRASH-02_metrics.csv,crash_loop,anomaly,normal,0.17627268440299532,-0.17627268440299532
2026-07-22T18:50:06.675891+00:00,CRASH-02,CRASH-02_metrics.csv,crash_loop,anomaly,normal,0.17627268440299532,-0.17627268440299532
2026-07-22T18:50:12.160738+00:00,CRASH-02,CRASH-02_metrics.csv,crash_loop,anomaly,normal,0.17627268440299532,-0.17627268440299532
2026-07-22T18:50:17.679168+00:00,CRASH-02,CRASH-02_metrics.csv,crash_loop,anomaly,normal,0.17627268440299532,-0.17627268440299532
2026-07-22T18:50:23.265175+00:00,CRASH-02,CRASH-02_metrics.csv,crash_loop,anomaly,normal,0.006532742533533975,-0.006532742533533975
2026-07-22T18:50:28.698277+00:00,CRASH-02,CRASH-02_metrics.csv,crash_loop,anomaly,normal,0.006532742533533975,-0.006532742533533975
2026-07-22T18:50:34.105314+00:00,CRASH-02,CRASH-02_metrics.csv,crash_loop,anomaly,normal,0.006532742533533975,-0.006532742533533975
2026-07-22T18:50:39.524237+00:00,CRASH-02,CRASH-02_metrics.csv,crash_loop,anomaly,normal,0.006532742533533975,-0.006532742533533975
2026-07-22T18:50:44.907350+00:00,CRASH-02,CRASH-02_metrics.csv,crash_loop,anomaly,normal,0.006532742533533975,-0.006532742533533975
2026-07-22T18:50:50.293314+00:00,CRASH-02,CRASH-02_metrics.csv,crash_loop,anomaly,normal,0.17627268440299532,-0.17627268440299532
2026-07-22T18:50:55.826594+00:00,CRASH-02,CRASH-02_metrics.csv,crash_loop,anomaly,normal,0.17627268440299532,-0.17627268440299532
2026-07-22T18:51:01.223480+00:00,CRASH-02,CRASH-02_metrics.csv,crash_loop,anomaly,normal,0.17627268440299532,-0.17627268440299532
2026-07-22T18:51:06.638684+00:00,CRASH-02,CRASH-02_metrics.csv,crash_loop,anomaly,normal,0.17627268440299532,-0.17627268440299532
2026-07-22T18:51:12.330907+00:00,CRASH-02,CRASH-02_metrics.csv,crash_loop,anomaly,normal,0.17627268440299532,-0.17627268440299532
2026-07-22T18:51:17.723006+00:00,CRASH-02,CRASH-02_metrics.csv,crash_loop,anomaly,normal,0.17627268440299532,-0.17627268440299532
2026-07-22T18:51:23.180244+00:00,CRASH-02,CRASH-02_metrics.csv,crash_loop,anomaly,normal,0.17627268440299532,-0.17627268440299532
2026-07-22T18:51:28.626515+00:00,CRASH-02,CRASH-02_metrics.csv,crash_loop,anomaly,normal,0.17627268440299532,-0.17627268440299532
2026-07-22T18:51:34.319937+00:00,CRASH-02,CRASH-02_metrics.csv,crash_loop,anomaly,normal,0.17627268440299532,-0.17627268440299532
2026-07-22T18:51:39.847095+00:00,CRASH-02,CRASH-02_metrics.csv,crash_loop,anomaly,normal,0.17627268440299532,-0.17627268440299532
2026-07-22T18:51:45.205587+00:00,CRASH-02,CRASH-02_metrics.csv,crash_loop,anomaly,normal,0.17627268440299532,-0.17627268440299532
2026-07-22T18:51:50.642671+00:00,CRASH-02,CRASH-02_metrics.csv,crash_loop,anomaly,normal,0.17627268440299532,-0.17627268440299532
2026-07-22T18:51:56.069437+00:00,CRASH-02,CRASH-02_metrics.csv,crash_loop,anomaly,normal,0.17627268440299532,-0.17627268440299532
2026-07-22T18:52:01.626618+00:00,CRASH-02,CRASH-02_metrics.csv,crash_loop,anomaly,normal,0.17627268440299532,-0.17627268440299532
2026-07-22T18:52:07.089964+00:00,CRASH-02,CRASH-02_metrics.csv,crash_loop,anomaly,normal,0.17627268440299532,-0.17627268440299532
2026-07-22T18:52:12.491264+00:00,CRASH-02,CRASH-02_metrics.csv,crash_loop,anomaly,normal,0.17627268440299532,-0.17627268440299532
2026-07-22T18:52:17.874332+00:00,CRASH-02,CRASH-02_metrics.csv,crash_loop,anomaly,normal,0.17627268440299532,-0.17627268440299532
2026-07-22T18:52:23.395769+00:00,CRASH-02,CRASH-02_metrics.csv,crash_loop,anomaly,normal,0.17627268440299532,-0.17627268440299532
2026-07-22T18:52:28.836683+00:00,CRASH-02,CRASH-02_metrics.csv,crash_loop,anomaly,normal,0.17627268440299532,-0.17627268440299532
2026-07-22T18:52:34.316140+00:00,CRASH-02,CRASH-02_metrics.csv,crash_loop,anomaly,normal,0.17627268440299532,-0.17627268440299532
2026-07-22T18:52:39.760301+00:00,CRASH-02,CRASH-02_metrics.csv,crash_loop,anomaly,normal,0.17627268440299532,-0.17627268440299532
2026-07-22T18:52:45.203101+00:00,CRASH-02,CRASH-02_metrics.csv,crash_loop,anomaly,normal,0.17627268440299532,-0.17627268440299532
2026-07-22T18:52:50.719172+00:00,CRASH-02,CRASH-02_metrics.csv,crash_loop,anomaly,normal,0.17627268440299532,-0.17627268440299532
2026-07-22T18:52:56.227726+00:00,CRASH-02,CRASH-02_metrics.csv,crash_loop,anomaly,normal,0.17627268440299532,-0.17627268440299532
2026-07-22T18:53:01.722545+00:00,CRASH-02,CRASH-02_metrics.csv,crash_loop,anomaly,normal,0.17627268440299532,-0.17627268440299532
2026-07-22T18:53:07.132794+00:00,CRASH-02,CRASH-02_metrics.csv,crash_loop,anomaly,normal,0.17627268440299532,-0.17627268440299532
2026-07-22T18:53:12.529354+00:00,CRASH-02,CRASH-02_metrics.csv,crash_loop,anomaly,normal,0.17627268440299532,-0.17627268440299532
2026-07-22T18:53:17.913578+00:00,CRASH-02,CRASH-02_metrics.csv,crash_loop,anomaly,normal,0.17627268440299532,-0.17627268440299532
2026-07-22T18:53:23.380551+00:00,CRASH-02,CRASH-02_metrics.csv,crash_loop,anomaly,normal,0.17627268440299532,-0.17627268440299532
2026-07-22T18:53:29.094790+00:00,CRASH-02,CRASH-02_metrics.csv,crash_loop,anomaly,normal,0.17627268440299532,-0.17627268440299532
2026-07-22T18:53:35.252655+00:00,CRASH-02,CRASH-02_metrics.csv,crash_loop,anomaly,normal,0.17627268440299532,-0.17627268440299532
2026-07-22T18:53:40.993538+00:00,CRASH-02,CRASH-02_metrics.csv,crash_loop,anomaly,normal,0.17627268440299532,-0.17627268440299532
2026-07-22T18:53:46.763014+00:00,CRASH-02,CRASH-02_metrics.csv,crash_loop,anomaly,normal,0.17627268440299532,-0.17627268440299532
2026-07-22T18:53:52.152124+00:00,CRASH-02,CRASH-02_metrics.csv,crash_loop,anomaly,normal,0.17627268440299532,-0.17627268440299532
2026-07-22T18:53:57.563811+00:00,CRASH-02,CRASH-02_metrics.csv,crash_loop,anomaly,normal,0.17627268440299532,-0.17627268440299532
2026-07-22T18:54:02.954091+00:00,CRASH-02,CRASH-02_metrics.csv,crash_loop,anomaly,normal,0.17627268440299532,-0.17627268440299532
2026-07-22T18:54:08.374545+00:00,CRASH-02,CRASH-02_metrics.csv,crash_loop,anomaly,normal,0.17627268440299532,-0.17627268440299532
2026-07-22T18:54:13.787769+00:00,CRASH-02,CRASH-02_metrics.csv,crash_loop,anomaly,normal,0.17627268440299532,-0.17627268440299532
2026-07-22T18:54:19.150337+00:00,CRASH-02,CRASH-02_metrics.csv,crash_loop,anomaly,normal,0.17627268440299532,-0.17627268440299532
2026-07-22T18:54:24.619243+00:00,CRASH-02,CRASH-02_metrics.csv,crash_loop,anomaly,normal,0.17627268440299532,-0.17627268440299532
2026-07-22T18:54:30.022837+00:00,CRASH-02,CRASH-02_metrics.csv,crash_loop,anomaly,normal,0.17627268440299532,-0.17627268440299532
2026-07-22T18:54:35.415849+00:00,CRASH-02,CRASH-02_metrics.csv,crash_loop,anomaly,normal,0.17627268440299532,-0.17627268440299532
2026-07-22T18:54:40.793363+00:00,CRASH-02,CRASH-02_metrics.csv,crash_loop,anomaly,normal,0.17627268440299532,-0.17627268440299532
2026-07-22T18:54:46.226402+00:00,CRASH-02,CRASH-02_metrics.csv,crash_loop,anomaly,normal,0.17627268440299532,-0.17627268440299532
2026-07-22T18:54:51.615962+00:00,CRASH-02,CRASH-02_metrics.csv,crash_loop,anomaly,normal,0.17627268440299532,-0.17627268440299532
2026-07-22T18:54:57.022091+00:00,CRASH-02,CRASH-02_metrics.csv,crash_loop,anomaly,normal,0.17627268440299532,-0.17627268440299532
2026-07-22T18:55:02.404059+00:00,CRASH-02,CRASH-02_metrics.csv,crash_loop,anomaly,normal,0.17627268440299532,-0.17627268440299532
2026-07-22T18:55:07.776897+00:00,CRASH-02,CRASH-02_metrics.csv,crash_loop,anomaly,normal,0.17627268440299532,-0.17627268440299532
2026-07-22T18:55:13.167436+00:00,CRASH-02,CRASH-02_metrics.csv,crash_loop,anomaly,normal,0.17627268440299532,-0.17627268440299532
2026-07-22T14:57:53.615646+00:00,HB-02,HB-02_metrics.csv,healthy,normal,normal,0.03382293206444287,-0.03382293206444287
2026-07-22T14:57:59.078271+00:00,HB-02,HB-02_metrics.csv,healthy,normal,normal,0.03382293206444287,-0.03382293206444287
2026-07-22T14:58:04.510789+00:00,HB-02,HB-02_metrics.csv,healthy,normal,normal,0.0343483424606178,-0.0343483424606178
2026-07-22T14:58:10.060894+00:00,HB-02,HB-02_metrics.csv,healthy,normal,normal,0.0343483424606178,-0.0343483424606178
2026-07-22T14:58:15.518693+00:00,HB-02,HB-02_metrics.csv,healthy,normal,normal,0.0343483424606178,-0.0343483424606178
2026-07-22T14:58:21.321177+00:00,HB-02,HB-02_metrics.csv,healthy,normal,anomaly,-0.012697048169665881,0.012697048169665881
2026-07-22T14:58:27.692709+00:00,HB-02,HB-02_metrics.csv,healthy,normal,anomaly,-0.012697048169665881,0.012697048169665881
2026-07-22T14:58:33.908732+00:00,HB-02,HB-02_metrics.csv,healthy,normal,normal,0.06007321273969135,-0.06007321273969135
2026-07-22T14:58:39.522519+00:00,HB-02,HB-02_metrics.csv,healthy,normal,normal,0.06007321273969135,-0.06007321273969135
2026-07-22T14:58:45.175438+00:00,HB-02,HB-02_metrics.csv,healthy,normal,normal,0.06007321273969135,-0.06007321273969135
2026-07-22T14:58:51.062698+00:00,HB-02,HB-02_metrics.csv,healthy,normal,normal,0.08172253277164776,-0.08172253277164776
2026-07-22T14:58:56.830438+00:00,HB-02,HB-02_metrics.csv,healthy,normal,normal,0.08172253277164776,-0.08172253277164776
2026-07-22T14:59:03.388298+00:00,HB-02,HB-02_metrics.csv,healthy,normal,normal,0.10168459001283003,-0.10168459001283003
2026-07-22T14:59:10.664289+00:00,HB-02,HB-02_metrics.csv,healthy,normal,normal,0.10168459001283003,-0.10168459001283003
2026-07-22T14:59:16.368884+00:00,HB-02,HB-02_metrics.csv,healthy,normal,normal,0.10168459001283003,-0.10168459001283003
2026-07-22T14:59:21.999773+00:00,HB-02,HB-02_metrics.csv,healthy,normal,normal,0.09260632427108362,-0.09260632427108362
2026-07-22T14:59:27.597923+00:00,HB-02,HB-02_metrics.csv,healthy,normal,normal,0.09260632427108362,-0.09260632427108362
2026-07-22T14:59:33.266486+00:00,HB-02,HB-02_metrics.csv,healthy,normal,normal,0.08100077301499042,-0.08100077301499042
2026-07-22T14:59:39.114782+00:00,HB-02,HB-02_metrics.csv,healthy,normal,normal,0.08100077301499042,-0.08100077301499042
2026-07-22T14:59:44.801117+00:00,HB-02,HB-02_metrics.csv,healthy,normal,normal,0.08100077301499042,-0.08100077301499042
2026-07-22T14:59:50.477128+00:00,HB-02,HB-02_metrics.csv,healthy,normal,normal,0.10143355190213987,-0.10143355190213987
2026-07-22T14:59:56.297220+00:00,HB-02,HB-02_metrics.csv,healthy,normal,normal,0.10143355190213987,-0.10143355190213987
2026-07-22T15:00:01.930492+00:00,HB-02,HB-02_metrics.csv,healthy,normal,normal,0.10143355190213987,-0.10143355190213987
2026-07-22T15:00:07.500894+00:00,HB-02,HB-02_metrics.csv,healthy,normal,normal,0.080432058383615,-0.080432058383615
2026-07-22T15:00:13.129804+00:00,HB-02,HB-02_metrics.csv,healthy,normal,normal,0.080432058383615,-0.080432058383615
2026-07-22T15:00:19.169319+00:00,HB-02,HB-02_metrics.csv,healthy,normal,normal,0.07915053166026476,-0.07915053166026476
2026-07-22T15:00:25.049053+00:00,HB-02,HB-02_metrics.csv,healthy,normal,normal,0.07915053166026476,-0.07915053166026476
2026-07-22T15:00:31.043309+00:00,HB-02,HB-02_metrics.csv,healthy,normal,normal,0.07915053166026476,-0.07915053166026476
2026-07-22T15:00:37.377882+00:00,HB-02,HB-02_metrics.csv,healthy,normal,normal,0.07915053166026476,-0.07915053166026476
2026-07-22T15:00:43.707268+00:00,HB-02,HB-02_metrics.csv,healthy,normal,normal,0.07915053166026476,-0.07915053166026476
2026-07-22T15:00:49.633017+00:00,HB-02,HB-02_metrics.csv,healthy,normal,normal,0.07547160698912747,-0.07547160698912747
2026-07-22T15:00:57.981377+00:00,HB-02,HB-02_metrics.csv,healthy,normal,normal,0.07547160698912747,-0.07547160698912747
2026-07-22T15:01:03.677928+00:00,HB-02,HB-02_metrics.csv,healthy,normal,normal,0.07547160698912747,-0.07547160698912747
2026-07-22T15:01:09.405261+00:00,HB-02,HB-02_metrics.csv,healthy,normal,normal,0.07547160698912747,-0.07547160698912747
2026-07-22T15:01:15.153590+00:00,HB-02,HB-02_metrics.csv,healthy,normal,normal,0.07547160698912747,-0.07547160698912747
2026-07-22T15:01:21.040031+00:00,HB-02,HB-02_metrics.csv,healthy,normal,normal,0.04270136601116459,-0.04270136601116459
2026-07-22T15:01:26.831406+00:00,HB-02,HB-02_metrics.csv,healthy,normal,normal,0.04270136601116459,-0.04270136601116459
2026-07-22T15:01:32.897604+00:00,HB-02,HB-02_metrics.csv,healthy,normal,normal,0.04270136601116459,-0.04270136601116459
2026-07-22T15:01:38.832217+00:00,HB-02,HB-02_metrics.csv,healthy,normal,normal,0.04270136601116459,-0.04270136601116459
2026-07-22T15:01:44.606027+00:00,HB-02,HB-02_metrics.csv,healthy,normal,normal,0.04270136601116459,-0.04270136601116459
2026-07-22T15:01:50.520054+00:00,HB-02,HB-02_metrics.csv,healthy,normal,normal,0.10181379526790924,-0.10181379526790924
2026-07-22T15:01:56.417041+00:00,HB-02,HB-02_metrics.csv,healthy,normal,normal,0.10181379526790924,-0.10181379526790924
2026-07-22T15:02:02.850360+00:00,HB-02,HB-02_metrics.csv,healthy,normal,normal,0.09964067226327766,-0.09964067226327766
2026-07-22T15:02:08.734840+00:00,HB-02,HB-02_metrics.csv,healthy,normal,normal,0.09964067226327766,-0.09964067226327766
2026-07-22T15:02:14.331515+00:00,HB-02,HB-02_metrics.csv,healthy,normal,normal,0.09964067226327766,-0.09964067226327766
2026-07-22T15:02:20.141098+00:00,HB-02,HB-02_metrics.csv,healthy,normal,normal,0.11897745383449987,-0.11897745383449987
2026-07-22T15:02:27.198461+00:00,HB-02,HB-02_metrics.csv,healthy,normal,normal,0.11897745383449987,-0.11897745383449987
2026-07-22T15:02:32.805692+00:00,HB-02,HB-02_metrics.csv,healthy,normal,normal,0.1254049409594571,-0.1254049409594571
2026-07-22T15:02:38.436889+00:00,HB-02,HB-02_metrics.csv,healthy,normal,normal,0.1254049409594571,-0.1254049409594571
2026-07-22T15:02:44.385084+00:00,HB-02,HB-02_metrics.csv,healthy,normal,normal,0.1254049409594571,-0.1254049409594571
2026-07-22T15:02:50.168713+00:00,HB-02,HB-02_metrics.csv,healthy,normal,normal,0.1254049409594571,-0.1254049409594571
2026-07-22T17:00:01.020196+00:00,MEM-01,MEM-01_metrics.csv,memory_pressure,anomaly,anomaly,-0.023967913879525793,0.023967913879525793
2026-07-22T17:00:07.252779+00:00,MEM-01,MEM-01_metrics.csv,memory_pressure,anomaly,normal,0.02962702918430027,-0.02962702918430027
2026-07-22T17:00:13.169994+00:00,MEM-01,MEM-01_metrics.csv,memory_pressure,anomaly,normal,0.02962702918430027,-0.02962702918430027
2026-07-22T17:00:19.178741+00:00,MEM-01,MEM-01_metrics.csv,memory_pressure,anomaly,normal,0.033422926273581566,-0.033422926273581566
2026-07-22T17:00:24.935942+00:00,MEM-01,MEM-01_metrics.csv,memory_pressure,anomaly,normal,0.033422926273581566,-0.033422926273581566
2026-07-22T17:00:30.701357+00:00,MEM-01,MEM-01_metrics.csv,memory_pressure,anomaly,normal,0.033422926273581566,-0.033422926273581566
2026-07-22T17:00:37.087152+00:00,MEM-01,MEM-01_metrics.csv,memory_pressure,anomaly,normal,0.018352670335873178,-0.018352670335873178
2026-07-22T17:00:42.779280+00:00,MEM-01,MEM-01_metrics.csv,memory_pressure,anomaly,normal,0.018352670335873178,-0.018352670335873178
2026-07-22T17:00:48.465283+00:00,MEM-01,MEM-01_metrics.csv,memory_pressure,anomaly,normal,0.03338133032144297,-0.03338133032144297
2026-07-22T17:00:54.096933+00:00,MEM-01,MEM-01_metrics.csv,memory_pressure,anomaly,normal,0.03338133032144297,-0.03338133032144297
2026-07-22T17:00:59.815557+00:00,MEM-01,MEM-01_metrics.csv,memory_pressure,anomaly,normal,0.03338133032144297,-0.03338133032144297
2026-07-22T17:01:05.363428+00:00,MEM-01,MEM-01_metrics.csv,memory_pressure,anomaly,normal,0.029280856854812187,-0.029280856854812187
2026-07-22T17:01:10.843266+00:00,MEM-01,MEM-01_metrics.csv,memory_pressure,anomaly,normal,0.029280856854812187,-0.029280856854812187
2026-07-22T17:01:16.260196+00:00,MEM-01,MEM-01_metrics.csv,memory_pressure,anomaly,normal,0.029280856854812187,-0.029280856854812187
2026-07-22T17:01:21.714123+00:00,MEM-01,MEM-01_metrics.csv,memory_pressure,anomaly,normal,0.03402762346849686,-0.03402762346849686
2026-07-22T17:01:27.115416+00:00,MEM-01,MEM-01_metrics.csv,memory_pressure,anomaly,normal,0.03402762346849686,-0.03402762346849686
2026-07-22T17:01:32.519908+00:00,MEM-01,MEM-01_metrics.csv,memory_pressure,anomaly,normal,0.03402762346849686,-0.03402762346849686
2026-07-22T17:01:38.160271+00:00,MEM-01,MEM-01_metrics.csv,memory_pressure,anomaly,anomaly,-0.023096014637764006,0.023096014637764006
2026-07-22T17:01:43.628095+00:00,MEM-01,MEM-01_metrics.csv,memory_pressure,anomaly,anomaly,-0.023096014637764006,0.023096014637764006
2026-07-22T17:01:49.734310+00:00,MEM-01,MEM-01_metrics.csv,memory_pressure,anomaly,anomaly,-0.07454757908782939,0.07454757908782939
2026-07-22T17:01:56.184076+00:00,MEM-01,MEM-01_metrics.csv,memory_pressure,anomaly,anomaly,-0.07454757908782939,0.07454757908782939
2026-07-22T17:02:01.849712+00:00,MEM-01,MEM-01_metrics.csv,memory_pressure,anomaly,anomaly,-0.07454757908782939,0.07454757908782939
2026-07-22T17:02:07.452666+00:00,MEM-01,MEM-01_metrics.csv,memory_pressure,anomaly,anomaly,-0.07454757908782939,0.07454757908782939
2026-07-22T17:02:13.081498+00:00,MEM-01,MEM-01_metrics.csv,memory_pressure,anomaly,anomaly,-0.07454757908782939,0.07454757908782939
2026-07-22T17:02:18.758218+00:00,MEM-01,MEM-01_metrics.csv,memory_pressure,anomaly,anomaly,-0.04313866477824746,0.04313866477824746
2026-07-22T17:02:24.474351+00:00,MEM-01,MEM-01_metrics.csv,memory_pressure,anomaly,anomaly,-0.04313866477824746,0.04313866477824746
2026-07-22T17:02:30.208904+00:00,MEM-01,MEM-01_metrics.csv,memory_pressure,anomaly,anomaly,-0.04313866477824746,0.04313866477824746
2026-07-22T17:02:36.155744+00:00,MEM-01,MEM-01_metrics.csv,memory_pressure,anomaly,anomaly,-0.053398452090797854,0.053398452090797854
2026-07-22T17:02:41.986603+00:00,MEM-01,MEM-01_metrics.csv,memory_pressure,anomaly,anomaly,-0.053398452090797854,0.053398452090797854
2026-07-22T17:02:47.550214+00:00,MEM-01,MEM-01_metrics.csv,memory_pressure,anomaly,anomaly,-0.053398452090797854,0.053398452090797854
2026-07-22T17:02:54.320719+00:00,MEM-01,MEM-01_metrics.csv,memory_pressure,anomaly,anomaly,-0.04623939144254863,0.04623939144254863
2026-07-22T17:03:00.708504+00:00,MEM-01,MEM-01_metrics.csv,memory_pressure,anomaly,anomaly,-0.04623939144254863,0.04623939144254863
2026-07-22T17:03:06.875814+00:00,MEM-01,MEM-01_metrics.csv,memory_pressure,anomaly,anomaly,-0.052725072876565915,0.052725072876565915
2026-07-22T17:03:12.747802+00:00,MEM-01,MEM-01_metrics.csv,memory_pressure,anomaly,anomaly,-0.052725072876565915,0.052725072876565915
2026-07-22T17:03:18.368034+00:00,MEM-01,MEM-01_metrics.csv,memory_pressure,anomaly,anomaly,-0.04327015868678363,0.04327015868678363
2026-07-22T17:03:26.276052+00:00,MEM-01,MEM-01_metrics.csv,memory_pressure,anomaly,anomaly,-0.04327015868678363,0.04327015868678363
2026-07-22T17:03:31.878272+00:00,MEM-01,MEM-01_metrics.csv,memory_pressure,anomaly,anomaly,-0.04327015868678363,0.04327015868678363
2026-07-22T17:03:38.024167+00:00,MEM-01,MEM-01_metrics.csv,memory_pressure,anomaly,anomaly,-0.05117224309700019,0.05117224309700019
2026-07-22T17:03:44.788203+00:00,MEM-01,MEM-01_metrics.csv,memory_pressure,anomaly,anomaly,-0.05117224309700019,0.05117224309700019
2026-07-22T17:03:52.170503+00:00,MEM-01,MEM-01_metrics.csv,memory_pressure,anomaly,anomaly,-0.04705536877696381,0.04705536877696381
2026-07-22T17:03:59.124469+00:00,MEM-01,MEM-01_metrics.csv,memory_pressure,anomaly,anomaly,-0.04705536877696381,0.04705536877696381
2026-07-22T17:04:05.781485+00:00,MEM-01,MEM-01_metrics.csv,memory_pressure,anomaly,anomaly,-0.05416797775064375,0.05416797775064375
2026-07-22T17:04:11.886539+00:00,MEM-01,MEM-01_metrics.csv,memory_pressure,anomaly,anomaly,-0.05416797775064375,0.05416797775064375
2026-07-22T17:04:18.403234+00:00,MEM-01,MEM-01_metrics.csv,memory_pressure,anomaly,anomaly,-0.04623939144254863,0.04623939144254863
2026-07-22T17:04:25.245275+00:00,MEM-01,MEM-01_metrics.csv,memory_pressure,anomaly,anomaly,-0.04623939144254863,0.04623939144254863
2026-07-22T17:04:32.372066+00:00,MEM-01,MEM-01_metrics.csv,memory_pressure,anomaly,anomaly,-0.04623939144254863,0.04623939144254863
2026-07-22T17:04:38.423814+00:00,MEM-01,MEM-01_metrics.csv,memory_pressure,anomaly,anomaly,-0.04601827595673358,0.04601827595673358
2026-07-22T17:04:43.990440+00:00,MEM-01,MEM-01_metrics.csv,memory_pressure,anomaly,anomaly,-0.04601827595673358,0.04601827595673358
2026-07-22T17:04:49.757518+00:00,MEM-01,MEM-01_metrics.csv,memory_pressure,anomaly,anomaly,-0.0446470324518623,0.0446470324518623
2026-07-22T17:04:55.356127+00:00,MEM-01,MEM-01_metrics.csv,memory_pressure,anomaly,anomaly,-0.0446470324518623,0.0446470324518623
2026-07-22T17:05:00.926622+00:00,MEM-01,MEM-01_metrics.csv,memory_pressure,anomaly,anomaly,-0.0446470324518623,0.0446470324518623
2026-07-22T17:05:06.503702+00:00,MEM-01,MEM-01_metrics.csv,memory_pressure,anomaly,anomaly,-0.04376809393329151,0.04376809393329151
2026-07-22T17:05:12.119328+00:00,MEM-01,MEM-01_metrics.csv,memory_pressure,anomaly,anomaly,-0.04376809393329151,0.04376809393329151
2026-07-22T17:05:17.667658+00:00,MEM-01,MEM-01_metrics.csv,memory_pressure,anomaly,anomaly,-0.04376809393329151,0.04376809393329151
2026-07-22T17:05:23.266163+00:00,MEM-01,MEM-01_metrics.csv,memory_pressure,anomaly,anomaly,-0.04376809393329151,0.04376809393329151
2026-07-22T17:05:29.308980+00:00,MEM-01,MEM-01_metrics.csv,memory_pressure,anomaly,anomaly,-0.047574393901086864,0.047574393901086864
2026-07-22T17:05:35.511467+00:00,MEM-01,MEM-01_metrics.csv,memory_pressure,anomaly,normal,0.17627268440299532,-0.17627268440299532
2026-07-22T17:05:41.975437+00:00,MEM-01,MEM-01_metrics.csv,memory_pressure,anomaly,normal,0.17627268440299532,-0.17627268440299532
2026-07-22T17:05:48.703700+00:00,MEM-01,MEM-01_metrics.csv,memory_pressure,anomaly,normal,0.04915917027258643,-0.04915917027258643
2026-07-22T17:05:55.335761+00:00,MEM-01,MEM-01_metrics.csv,memory_pressure,anomaly,normal,0.04915917027258643,-0.04915917027258643
2026-07-22T17:06:01.896283+00:00,MEM-01,MEM-01_metrics.csv,memory_pressure,anomaly,normal,0.04915917027258643,-0.04915917027258643
2026-07-22T17:06:08.083973+00:00,MEM-01,MEM-01_metrics.csv,memory_pressure,anomaly,normal,0.03059948986504535,-0.03059948986504535
2026-07-22T17:06:14.368129+00:00,MEM-01,MEM-01_metrics.csv,memory_pressure,anomaly,normal,0.03059948986504535,-0.03059948986504535
2026-07-22T17:06:20.605566+00:00,MEM-01,MEM-01_metrics.csv,memory_pressure,anomaly,normal,0.03059948986504535,-0.03059948986504535
2026-07-22T17:06:27.073866+00:00,MEM-01,MEM-01_metrics.csv,memory_pressure,anomaly,normal,0.03059948986504535,-0.03059948986504535
2026-07-22T17:06:33.177285+00:00,MEM-01,MEM-01_metrics.csv,memory_pressure,anomaly,normal,0.03059948986504535,-0.03059948986504535
2026-07-22T17:06:39.561333+00:00,MEM-01,MEM-01_metrics.csv,memory_pressure,anomaly,normal,0.03059948986504535,-0.03059948986504535
2026-07-22T17:06:45.902733+00:00,MEM-01,MEM-01_metrics.csv,memory_pressure,anomaly,normal,0.03059948986504535,-0.03059948986504535
2026-07-22T17:06:52.039132+00:00,MEM-01,MEM-01_metrics.csv,memory_pressure,anomaly,normal,0.03059948986504535,-0.03059948986504535
2026-07-22T17:06:58.417678+00:00,MEM-01,MEM-01_metrics.csv,memory_pressure,anomaly,normal,0.03059948986504535,-0.03059948986504535
2026-07-22T17:07:06.067237+00:00,MEM-01,MEM-01_metrics.csv,memory_pressure,anomaly,normal,0.03059948986504535,-0.03059948986504535
2026-07-22T17:07:12.056386+00:00,MEM-01,MEM-01_metrics.csv,memory_pressure,anomaly,normal,0.03059948986504535,-0.03059948986504535
2026-07-22T17:07:18.037669+00:00,MEM-01,MEM-01_metrics.csv,memory_pressure,anomaly,normal,0.03059948986504535,-0.03059948986504535
2026-07-22T17:07:23.796889+00:00,MEM-01,MEM-01_metrics.csv,memory_pressure,anomaly,normal,0.03059948986504535,-0.03059948986504535
2026-07-22T17:07:29.389739+00:00,MEM-01,MEM-01_metrics.csv,memory_pressure,anomaly,normal,0.03059948986504535,-0.03059948986504535
2026-07-22T17:07:35.339177+00:00,MEM-01,MEM-01_metrics.csv,memory_pressure,anomaly,anomaly,-0.056430304271201215,0.056430304271201215
2026-07-22T17:07:41.110320+00:00,MEM-01,MEM-01_metrics.csv,memory_pressure,anomaly,anomaly,-0.056430304271201215,0.056430304271201215
2026-07-22T17:07:46.714842+00:00,MEM-01,MEM-01_metrics.csv,memory_pressure,anomaly,anomaly,-0.056430304271201215,0.056430304271201215
2026-07-22T17:07:53.449121+00:00,MEM-01,MEM-01_metrics.csv,memory_pressure,anomaly,anomaly,-0.04699378852488556,0.04699378852488556
2026-07-22T17:07:59.507958+00:00,MEM-01,MEM-01_metrics.csv,memory_pressure,anomaly,anomaly,-0.04699378852488556,0.04699378852488556
2026-07-22T17:22:17.797113+00:00,MEM-02,MEM-02_metrics.csv,memory_pressure,anomaly,normal,0.033482970539486234,-0.033482970539486234
2026-07-22T17:22:23.242181+00:00,MEM-02,MEM-02_metrics.csv,memory_pressure,anomaly,normal,0.034022199364519556,-0.034022199364519556
2026-07-22T17:22:28.628303+00:00,MEM-02,MEM-02_metrics.csv,memory_pressure,anomaly,normal,0.034022199364519556,-0.034022199364519556
2026-07-22T17:22:34.028143+00:00,MEM-02,MEM-02_metrics.csv,memory_pressure,anomaly,normal,0.03338133032144297,-0.03338133032144297
2026-07-22T17:22:39.429143+00:00,MEM-02,MEM-02_metrics.csv,memory_pressure,anomaly,normal,0.03338133032144297,-0.03338133032144297
2026-07-22T17:22:44.859326+00:00,MEM-02,MEM-02_metrics.csv,memory_pressure,anomaly,normal,0.03338133032144297,-0.03338133032144297
2026-07-22T17:22:50.335369+00:00,MEM-02,MEM-02_metrics.csv,memory_pressure,anomaly,normal,0.03319691463825747,-0.03319691463825747
2026-07-22T17:22:55.857173+00:00,MEM-02,MEM-02_metrics.csv,memory_pressure,anomaly,normal,0.03319691463825747,-0.03319691463825747
2026-07-22T17:23:01.241393+00:00,MEM-02,MEM-02_metrics.csv,memory_pressure,anomaly,normal,0.03319691463825747,-0.03319691463825747
2026-07-22T17:23:06.633785+00:00,MEM-02,MEM-02_metrics.csv,memory_pressure,anomaly,normal,0.02770094016630098,-0.02770094016630098
2026-07-22T17:23:12.073715+00:00,MEM-02,MEM-02_metrics.csv,memory_pressure,anomaly,normal,0.02770094016630098,-0.02770094016630098
2026-07-22T17:23:17.487422+00:00,MEM-02,MEM-02_metrics.csv,memory_pressure,anomaly,normal,0.02770094016630098,-0.02770094016630098
2026-07-22T17:23:22.884267+00:00,MEM-02,MEM-02_metrics.csv,memory_pressure,anomaly,anomaly,-0.014586771736728066,0.014586771736728066
2026-07-22T17:23:28.277396+00:00,MEM-02,MEM-02_metrics.csv,memory_pressure,anomaly,anomaly,-0.014586771736728066,0.014586771736728066
2026-07-22T17:23:33.668904+00:00,MEM-02,MEM-02_metrics.csv,memory_pressure,anomaly,normal,0.027584472987997044,-0.027584472987997044
2026-07-22T17:23:39.119687+00:00,MEM-02,MEM-02_metrics.csv,memory_pressure,anomaly,normal,0.027584472987997044,-0.027584472987997044
2026-07-22T17:23:44.511728+00:00,MEM-02,MEM-02_metrics.csv,memory_pressure,anomaly,normal,0.027584472987997044,-0.027584472987997044
2026-07-22T17:23:49.925807+00:00,MEM-02,MEM-02_metrics.csv,memory_pressure,anomaly,normal,0.027584472987997044,-0.027584472987997044
2026-07-22T17:23:55.343994+00:00,MEM-02,MEM-02_metrics.csv,memory_pressure,anomaly,normal,0.027584472987997044,-0.027584472987997044
2026-07-22T17:24:01.452496+00:00,MEM-02,MEM-02_metrics.csv,memory_pressure,anomaly,normal,0.027584472987997044,-0.027584472987997044
2026-07-22T17:24:07.152463+00:00,MEM-02,MEM-02_metrics.csv,memory_pressure,anomaly,normal,0.034149348841590044,-0.034149348841590044
2026-07-22T17:24:12.566621+00:00,MEM-02,MEM-02_metrics.csv,memory_pressure,anomaly,normal,0.034149348841590044,-0.034149348841590044
2026-07-22T17:24:18.156854+00:00,MEM-02,MEM-02_metrics.csv,memory_pressure,anomaly,normal,0.034149348841590044,-0.034149348841590044
2026-07-22T17:24:23.566076+00:00,MEM-02,MEM-02_metrics.csv,memory_pressure,anomaly,normal,0.03172826323365974,-0.03172826323365974
2026-07-22T17:24:28.985245+00:00,MEM-02,MEM-02_metrics.csv,memory_pressure,anomaly,normal,0.03172826323365974,-0.03172826323365974
2026-07-22T17:24:35.014081+00:00,MEM-02,MEM-02_metrics.csv,memory_pressure,anomaly,normal,0.03372810043839025,-0.03372810043839025
2026-07-22T17:24:40.694258+00:00,MEM-02,MEM-02_metrics.csv,memory_pressure,anomaly,normal,0.03372810043839025,-0.03372810043839025
2026-07-22T17:24:46.208022+00:00,MEM-02,MEM-02_metrics.csv,memory_pressure,anomaly,normal,0.03372810043839025,-0.03372810043839025
2026-07-22T17:24:51.587297+00:00,MEM-02,MEM-02_metrics.csv,memory_pressure,anomaly,normal,0.03338133032144297,-0.03338133032144297
2026-07-22T17:24:56.967857+00:00,MEM-02,MEM-02_metrics.csv,memory_pressure,anomaly,normal,0.03338133032144297,-0.03338133032144297
2026-07-22T17:25:02.687952+00:00,MEM-02,MEM-02_metrics.csv,memory_pressure,anomaly,normal,0.03338133032144297,-0.03338133032144297
2026-07-22T17:25:08.625786+00:00,MEM-02,MEM-02_metrics.csv,memory_pressure,anomaly,anomaly,-0.07144258930768121,0.07144258930768121
2026-07-22T17:25:14.471230+00:00,MEM-02,MEM-02_metrics.csv,memory_pressure,anomaly,anomaly,-0.07144258930768121,0.07144258930768121
2026-07-22T17:25:20.075016+00:00,MEM-02,MEM-02_metrics.csv,memory_pressure,anomaly,anomaly,-0.07144258930768121,0.07144258930768121
2026-07-22T17:25:25.961359+00:00,MEM-02,MEM-02_metrics.csv,memory_pressure,anomaly,anomaly,-0.07144258930768121,0.07144258930768121
2026-07-22T17:25:31.515214+00:00,MEM-02,MEM-02_metrics.csv,memory_pressure,anomaly,anomaly,-0.07144258930768121,0.07144258930768121
2026-07-22T17:25:37.113517+00:00,MEM-02,MEM-02_metrics.csv,memory_pressure,anomaly,anomaly,-0.042918569499293846,0.042918569499293846
2026-07-22T17:25:43.308343+00:00,MEM-02,MEM-02_metrics.csv,memory_pressure,anomaly,anomaly,-0.042918569499293846,0.042918569499293846
2026-07-22T17:25:49.026643+00:00,MEM-02,MEM-02_metrics.csv,memory_pressure,anomaly,anomaly,-0.008343815105717911,0.008343815105717911
2026-07-22T17:25:54.525103+00:00,MEM-02,MEM-02_metrics.csv,memory_pressure,anomaly,anomaly,-0.008343815105717911,0.008343815105717911
2026-07-22T17:26:00.121797+00:00,MEM-02,MEM-02_metrics.csv,memory_pressure,anomaly,anomaly,-0.008343815105717911,0.008343815105717911
2026-07-22T17:26:06.003637+00:00,MEM-02,MEM-02_metrics.csv,memory_pressure,anomaly,anomaly,-0.008343815105717911,0.008343815105717911
2026-07-22T17:26:11.580805+00:00,MEM-02,MEM-02_metrics.csv,memory_pressure,anomaly,anomaly,-0.008343815105717911,0.008343815105717911
2026-07-22T17:26:17.442072+00:00,MEM-02,MEM-02_metrics.csv,memory_pressure,anomaly,anomaly,-0.008343815105717911,0.008343815105717911
2026-07-22T17:26:23.036247+00:00,MEM-02,MEM-02_metrics.csv,memory_pressure,anomaly,anomaly,-0.009538094603538272,0.009538094603538272
2026-07-22T17:26:29.151029+00:00,MEM-02,MEM-02_metrics.csv,memory_pressure,anomaly,anomaly,-0.009538094603538272,0.009538094603538272
2026-07-22T17:26:35.569172+00:00,MEM-02,MEM-02_metrics.csv,memory_pressure,anomaly,anomaly,-0.026407099902716613,0.026407099902716613
2026-07-22T17:26:42.052000+00:00,MEM-02,MEM-02_metrics.csv,memory_pressure,anomaly,anomaly,-0.026407099902716613,0.026407099902716613
2026-07-22T17:26:47.850297+00:00,MEM-02,MEM-02_metrics.csv,memory_pressure,anomaly,anomaly,-0.026407099902716613,0.026407099902716613
2026-07-22T17:26:54.204203+00:00,MEM-02,MEM-02_metrics.csv,memory_pressure,anomaly,anomaly,-0.026407099902716613,0.026407099902716613
2026-07-22T17:26:59.851508+00:00,MEM-02,MEM-02_metrics.csv,memory_pressure,anomaly,anomaly,-0.026407099902716613,0.026407099902716613
2026-07-22T17:27:05.658971+00:00,MEM-02,MEM-02_metrics.csv,memory_pressure,anomaly,anomaly,-0.007366160112414311,0.007366160112414311
2026-07-22T17:27:11.538729+00:00,MEM-02,MEM-02_metrics.csv,memory_pressure,anomaly,anomaly,-0.007366160112414311,0.007366160112414311
2026-07-22T17:27:18.346729+00:00,MEM-02,MEM-02_metrics.csv,memory_pressure,anomaly,anomaly,-0.005997864194530078,0.005997864194530078
2026-07-22T17:27:24.104569+00:00,MEM-02,MEM-02_metrics.csv,memory_pressure,anomaly,anomaly,-0.005997864194530078,0.005997864194530078
2026-07-22T17:27:29.770654+00:00,MEM-02,MEM-02_metrics.csv,memory_pressure,anomaly,anomaly,-0.005997864194530078,0.005997864194530078
2026-07-22T17:27:36.434049+00:00,MEM-02,MEM-02_metrics.csv,memory_pressure,anomaly,anomaly,-0.016935021671985906,0.016935021671985906
2026-07-22T17:27:42.367353+00:00,MEM-02,MEM-02_metrics.csv,memory_pressure,anomaly,anomaly,-0.016935021671985906,0.016935021671985906
2026-07-22T17:27:48.011780+00:00,MEM-02,MEM-02_metrics.csv,memory_pressure,anomaly,anomaly,-0.02424717112912511,0.02424717112912511
2026-07-22T17:27:54.480237+00:00,MEM-02,MEM-02_metrics.csv,memory_pressure,anomaly,anomaly,-0.02424717112912511,0.02424717112912511
2026-07-22T17:28:00.043315+00:00,MEM-02,MEM-02_metrics.csv,memory_pressure,anomaly,anomaly,-0.02424717112912511,0.02424717112912511
2026-07-22T17:28:05.564834+00:00,MEM-02,MEM-02_metrics.csv,memory_pressure,anomaly,anomaly,-0.042918569499293846,0.042918569499293846
2026-07-22T17:28:11.228871+00:00,MEM-02,MEM-02_metrics.csv,memory_pressure,anomaly,anomaly,-0.042918569499293846,0.042918569499293846
2026-07-22T17:28:16.767812+00:00,MEM-02,MEM-02_metrics.csv,memory_pressure,anomaly,anomaly,-0.042918569499293846,0.042918569499293846
2026-07-22T17:28:22.392648+00:00,MEM-02,MEM-02_metrics.csv,memory_pressure,anomaly,anomaly,-0.009817600562708306,0.009817600562708306
2026-07-22T17:28:27.970725+00:00,MEM-02,MEM-02_metrics.csv,memory_pressure,anomaly,anomaly,-0.009817600562708306,0.009817600562708306
2026-07-22T17:28:33.481202+00:00,MEM-02,MEM-02_metrics.csv,memory_pressure,anomaly,anomaly,-0.04327015868678363,0.04327015868678363
2026-07-22T17:28:39.164010+00:00,MEM-02,MEM-02_metrics.csv,memory_pressure,anomaly,anomaly,-0.04327015868678363,0.04327015868678363
2026-07-22T17:28:45.494142+00:00,MEM-02,MEM-02_metrics.csv,memory_pressure,anomaly,anomaly,-0.04707362803531823,0.04707362803531823
2026-07-22T17:28:52.161708+00:00,MEM-02,MEM-02_metrics.csv,memory_pressure,anomaly,normal,0.17627268440299532,-0.17627268440299532
2026-07-22T17:28:58.289358+00:00,MEM-02,MEM-02_metrics.csv,memory_pressure,anomaly,normal,0.17627268440299532,-0.17627268440299532
2026-07-22T17:29:03.883119+00:00,MEM-02,MEM-02_metrics.csv,memory_pressure,anomaly,normal,0.03404564899143481,-0.03404564899143481
2026-07-22T17:29:10.637787+00:00,MEM-02,MEM-02_metrics.csv,memory_pressure,anomaly,normal,0.03404564899143481,-0.03404564899143481
2026-07-22T17:29:17.755653+00:00,MEM-02,MEM-02_metrics.csv,memory_pressure,anomaly,normal,0.03404564899143481,-0.03404564899143481
2026-07-22T17:29:24.065323+00:00,MEM-02,MEM-02_metrics.csv,memory_pressure,anomaly,normal,0.03059948986504535,-0.03059948986504535
2026-07-22T17:29:31.168833+00:00,MEM-02,MEM-02_metrics.csv,memory_pressure,anomaly,normal,0.03059948986504535,-0.03059948986504535
2026-07-22T17:29:36.977718+00:00,MEM-02,MEM-02_metrics.csv,memory_pressure,anomaly,anomaly,-0.06619016340424977,0.06619016340424977
2026-07-22T17:29:42.607444+00:00,MEM-02,MEM-02_metrics.csv,memory_pressure,anomaly,anomaly,-0.06619016340424977,0.06619016340424977
2026-07-22T17:29:48.469195+00:00,MEM-02,MEM-02_metrics.csv,memory_pressure,anomaly,anomaly,-0.06619016340424977,0.06619016340424977
2026-07-22T17:29:54.592810+00:00,MEM-02,MEM-02_metrics.csv,memory_pressure,anomaly,anomaly,-0.06619016340424977,0.06619016340424977
2026-07-22T17:30:01.164971+00:00,MEM-02,MEM-02_metrics.csv,memory_pressure,anomaly,anomaly,-0.06619016340424977,0.06619016340424977
2026-07-22T17:30:06.743489+00:00,MEM-02,MEM-02_metrics.csv,memory_pressure,anomaly,anomaly,-0.03729772261550912,0.03729772261550912
2026-07-22T17:30:13.041760+00:00,MEM-02,MEM-02_metrics.csv,memory_pressure,anomaly,anomaly,-0.03729772261550912,0.03729772261550912
2026-07-23T17:11:43.082934+00:00,NODE-01,NODE-01_metrics.csv,node_disruption,anomaly,anomaly,-0.03885143453112694,0.03885143453112694
2026-07-23T17:11:48.662160+00:00,NODE-01,NODE-01_metrics.csv,node_disruption,anomaly,anomaly,-0.03885143453112694,0.03885143453112694
2026-07-23T17:11:54.272557+00:00,NODE-01,NODE-01_metrics.csv,node_disruption,anomaly,anomaly,-0.0392840737343757,0.0392840737343757
2026-07-23T17:11:59.739301+00:00,NODE-01,NODE-01_metrics.csv,node_disruption,anomaly,anomaly,-0.0392840737343757,0.0392840737343757
2026-07-23T17:12:05.218127+00:00,NODE-01,NODE-01_metrics.csv,node_disruption,anomaly,anomaly,-0.0392840737343757,0.0392840737343757
2026-07-23T17:12:10.877616+00:00,NODE-01,NODE-01_metrics.csv,node_disruption,anomaly,anomaly,-0.03366067990437238,0.03366067990437238
2026-07-23T17:12:18.925826+00:00,NODE-01,NODE-01_metrics.csv,node_disruption,anomaly,anomaly,-0.03366067990437238,0.03366067990437238
2026-07-23T17:12:25.277927+00:00,NODE-01,NODE-01_metrics.csv,node_disruption,anomaly,anomaly,-0.0392840737343757,0.0392840737343757
2026-07-23T17:12:32.638292+00:00,NODE-01,NODE-01_metrics.csv,node_disruption,anomaly,anomaly,-0.0392840737343757,0.0392840737343757
2026-07-23T17:12:38.587235+00:00,NODE-01,NODE-01_metrics.csv,node_disruption,anomaly,anomaly,-0.03734605836474214,0.03734605836474214
2026-07-23T17:12:44.724460+00:00,NODE-01,NODE-01_metrics.csv,node_disruption,anomaly,anomaly,-0.03734605836474214,0.03734605836474214
2026-07-23T17:12:50.535735+00:00,NODE-01,NODE-01_metrics.csv,node_disruption,anomaly,anomaly,-0.03734605836474214,0.03734605836474214
2026-07-23T17:12:58.389146+00:00,NODE-01,NODE-01_metrics.csv,node_disruption,anomaly,anomaly,-0.02857758255278353,0.02857758255278353
2026-07-23T17:13:06.162719+00:00,NODE-01,NODE-01_metrics.csv,node_disruption,anomaly,anomaly,-0.02857758255278353,0.02857758255278353
2026-07-23T17:13:15.227210+00:00,NODE-01,NODE-01_metrics.csv,node_disruption,anomaly,anomaly,-0.02857758255278353,0.02857758255278353
2026-07-23T17:13:24.530126+00:00,NODE-01,NODE-01_metrics.csv,node_disruption,anomaly,anomaly,-0.03579960147542871,0.03579960147542871
2026-07-23T17:13:38.121663+00:00,NODE-01,NODE-01_metrics.csv,node_disruption,anomaly,normal,0.17627268440299532,-0.17627268440299532
2026-07-23T17:13:46.177789+00:00,NODE-01,NODE-01_metrics.csv,node_disruption,anomaly,normal,0.17627268440299532,-0.17627268440299532
2026-07-23T17:13:53.293204+00:00,NODE-01,NODE-01_metrics.csv,node_disruption,anomaly,normal,0.17627268440299532,-0.17627268440299532
2026-07-23T17:13:58.598895+00:00,NODE-01,NODE-01_metrics.csv,node_disruption,anomaly,normal,0.17627268440299532,-0.17627268440299532
2026-07-23T17:14:04.056342+00:00,NODE-01,NODE-01_metrics.csv,node_disruption,anomaly,normal,0.17627268440299532,-0.17627268440299532
2026-07-23T17:14:09.386719+00:00,NODE-01,NODE-01_metrics.csv,node_disruption,anomaly,normal,0.17627268440299532,-0.17627268440299532
2026-07-23T17:14:14.735597+00:00,NODE-01,NODE-01_metrics.csv,node_disruption,anomaly,normal,0.17627268440299532,-0.17627268440299532
2026-07-23T17:14:20.104864+00:00,NODE-01,NODE-01_metrics.csv,node_disruption,anomaly,normal,0.17627268440299532,-0.17627268440299532
2026-07-23T17:14:25.592264+00:00,NODE-01,NODE-01_metrics.csv,node_disruption,anomaly,normal,0.17627268440299532,-0.17627268440299532
2026-07-23T17:14:31.083517+00:00,NODE-01,NODE-01_metrics.csv,node_disruption,anomaly,normal,0.17627268440299532,-0.17627268440299532
2026-07-23T17:14:38.557772+00:00,NODE-01,NODE-01_metrics.csv,node_disruption,anomaly,normal,0.17627268440299532,-0.17627268440299532
2026-07-23T17:14:44.108544+00:00,NODE-01,NODE-01_metrics.csv,node_disruption,anomaly,normal,0.17627268440299532,-0.17627268440299532
2026-07-23T17:14:49.631282+00:00,NODE-01,NODE-01_metrics.csv,node_disruption,anomaly,normal,0.17627268440299532,-0.17627268440299532
2026-07-23T17:14:55.419533+00:00,NODE-01,NODE-01_metrics.csv,node_disruption,anomaly,normal,0.17627268440299532,-0.17627268440299532
2026-07-23T17:15:00.836572+00:00,NODE-01,NODE-01_metrics.csv,node_disruption,anomaly,normal,0.17627268440299532,-0.17627268440299532
2026-07-23T17:15:06.319470+00:00,NODE-01,NODE-01_metrics.csv,node_disruption,anomaly,normal,0.17627268440299532,-0.17627268440299532
2026-07-23T17:15:11.769856+00:00,NODE-01,NODE-01_metrics.csv,node_disruption,anomaly,normal,0.17627268440299532,-0.17627268440299532
2026-07-23T17:15:17.338896+00:00,NODE-01,NODE-01_metrics.csv,node_disruption,anomaly,normal,0.17627268440299532,-0.17627268440299532
2026-07-23T17:15:22.670138+00:00,NODE-01,NODE-01_metrics.csv,node_disruption,anomaly,normal,0.17627268440299532,-0.17627268440299532
2026-07-23T17:15:28.227185+00:00,NODE-01,NODE-01_metrics.csv,node_disruption,anomaly,normal,0.17627268440299532,-0.17627268440299532
2026-07-23T17:15:34.022590+00:00,NODE-01,NODE-01_metrics.csv,node_disruption,anomaly,normal,0.17627268440299532,-0.17627268440299532
2026-07-23T17:15:39.811395+00:00,NODE-01,NODE-01_metrics.csv,node_disruption,anomaly,normal,0.17627268440299532,-0.17627268440299532
